-- phpMyAdmin SQL Dump
-- version 3.4.11.1
-- http://www.phpmyadmin.net
--
-- Servidor: 10.33.143.26
-- Tiempo de generación: 02-01-2013 a las 15:06:16
-- Versión del servidor: 5.0.95
-- Versión de PHP: 5.2.6

SET SQL_MODE="NO_AUTO_VALUE_ON_ZERO";
SET time_zone = "+00:00";


/*!40101 SET @OLD_CHARACTER_SET_CLIENT=@@CHARACTER_SET_CLIENT */;
/*!40101 SET @OLD_CHARACTER_SET_RESULTS=@@CHARACTER_SET_RESULTS */;
/*!40101 SET @OLD_COLLATION_CONNECTION=@@COLLATION_CONNECTION */;
/*!40101 SET NAMES utf8 */;

--
-- Base de datos: `cubayuca_site`
--

-- --------------------------------------------------------

--
-- Estructura de tabla para la tabla `about`
--

CREATE TABLE IF NOT EXISTS `about` (
  `id` int(10) unsigned NOT NULL auto_increment,
  `src` varchar(255) default '',
  `intro_ita` text,
  `intro_esp` text,
  `descripcion_ita` text,
  `descripcion_esp` text,
  `created` datetime default NULL,
  PRIMARY KEY  (`id`)
) ENGINE=MyISAM  DEFAULT CHARSET=utf8 AUTO_INCREMENT=2 ;

--
-- Volcado de datos para la tabla `about`
--

INSERT INTO `about` (`id`, `src`, `intro_ita`, `intro_esp`, `descripcion_ita`, `descripcion_esp`, `created`) VALUES
(1, '', '<p>Siamo un&rsquo; Organizzazione di Viaggi che opera nel Caribe, Cuba e Yucat&aacute;n.</p>', '<p>Somos una agencia de viajes-tours operador que opera en el Caribe, Cuba y Yucat&aacute;n.</p>', '<p>La Societ&aacute; &eacute; la&nbsp;<strong>FORASTERO VIAGGI&nbsp;&nbsp;by NUOVA G&Eacute;NESIS S.R.L. de C.V.</strong>, registrata presso la Secretar&iacute;a de Hacienda,&nbsp;&nbsp;&nbsp;la Secretar&iacute;a de Fomento Tur&iacute;stico dello Stato di Yucat&aacute;n, M&eacute;xico, e presso l&rsquo;Ayuntamiento della Citt&aacute; di M&eacute;rida, Yucat&aacute;n, M&eacute;xico.</p>\r\n<p>Edelis Albolaez Valdivia e Umberto Fioroni amministrano la Societ&aacute;, e il secondo ne &eacute; l''Amministratore Responsabile</p>\r\n<p>Edelis &eacute; cubana, di Trinidad. Umberto &eacute; originario di Como, e vive da molti anni nel Caribe. Risiedono a M&eacute;rida in Yucat&aacute;n, e a Trinidad quando sono a Cuba.&nbsp;</p>\r\n<p>Edelis ha due lauree cubane, Contabilit&aacute; d''Impresa e Agrotecnica. Umberto &eacute; stato in passato Presidente del Consiglio d&rsquo;Amministrazione di altre societ&aacute; da lui fondate, come la FISPEX a Parigi, la TEMARTE e la PUBLIFUTURA&nbsp;&nbsp;a Como.</p>', '<p>La Compa&ntilde;&iacute;a es la&nbsp;<strong>FORASTERO VIAGGI&nbsp;&nbsp;by NUOVA G&Eacute;NESIS S.R.L. de C.V.</strong>,&nbsp;registrada en la Secretar&iacute;a de Hacienda y &nbsp;Secretar&iacute;a de Fomento Tur&iacute;stico del Estado de Yucat&aacute;n, M&eacute;xico, y en el Ayuntamiento de la Ciudad de M&eacute;rida, Yucat&aacute;n, M&eacute;xico.</p>\r\n<p>Edelis Albolaez Valdivia y Umberto Fioroni administran la Empresa, y &nbsp;el segundo es el Gerente General.</p>\r\n<p>Edelis es originaria de la Ciudad de Trinidad, Cuba. Umberto es nativo de Como, Italia, y vivi&oacute; durante muchos a&ntilde;os en el Caribe. Residen en M&eacute;rida, y en Trinidad cuando &nbsp;est&aacute;n en Cuba.</p>\r\n<p>Edelis tiene dos Licenciaduras cubanas, Contabilidad Empresarial y Agrot&eacute;cnica. Umberto fue due&ntilde;o y Presidente de la Junta Directiva de otras Compa&ntilde;&iacute;as que fund&oacute;, &nbsp;FISPEX en Par&iacute;s, TEMARTE y PUBLIFUTURA en Como.</p>', '2012-10-25 17:08:01');

-- --------------------------------------------------------

--
-- Estructura de tabla para la tabla `carousels`
--

CREATE TABLE IF NOT EXISTS `carousels` (
  `id` int(10) unsigned NOT NULL auto_increment,
  `src` varchar(255) default '',
  `enlace` varchar(255) default NULL,
  `descripcion_ita` text,
  `descripcion_esp` text,
  `activo` tinyint(1) default '1',
  `orden` int(10) unsigned default '0',
  `created` datetime default NULL,
  PRIMARY KEY  (`id`)
) ENGINE=MyISAM  DEFAULT CHARSET=utf8 AUTO_INCREMENT=9 ;

--
-- Volcado de datos para la tabla `carousels`
--

INSERT INTO `carousels` (`id`, `src`, `enlace`, `descripcion_ita`, `descripcion_esp`, `activo`, `orden`, `created`) VALUES
(1, 'upload/ekbalam.jpg', '', '', '', 1, 1, '2012-10-26 12:29:30'),
(2, 'upload/01.jpg', '', '', '', 1, 2, '2012-10-26 12:29:30'),
(3, 'upload/havana.jpg', '', '', '', 1, 3, '2012-10-26 12:36:45'),
(4, 'upload/ekbalamcenote.jpg', '', '', '<p>Ek Balam Cenote</p>', 1, 4, '2012-10-26 12:36:45'),
(5, 'upload/3rreyes.jpg', '', '', '', 1, 5, '2012-10-26 13:26:38'),
(6, 'upload/celestunflamimgos.jpg', '', '', '', 1, 6, '2012-10-26 13:26:38'),
(8, 'upload/tulum13512899461.jpg', NULL, NULL, NULL, 1, 8, '2012-10-26 17:19:06');

-- --------------------------------------------------------

--
-- Estructura de tabla para la tabla `comments`
--

CREATE TABLE IF NOT EXISTS `comments` (
  `id` int(10) unsigned NOT NULL auto_increment,
  `parent` varchar(255) NOT NULL,
  `parent_id` int(10) unsigned default NULL,
  `autor` varchar(255) NOT NULL,
  `email` varchar(255) NOT NULL,
  `web` varchar(255) default NULL,
  `descripcion` text,
  `created` datetime default NULL,
  PRIMARY KEY  (`id`)
) ENGINE=MyISAM  DEFAULT CHARSET=utf8 AUTO_INCREMENT=3 ;

--
-- Volcado de datos para la tabla `comments`
--

INSERT INTO `comments` (`id`, `parent`, `parent_id`, `autor`, `email`, `web`, `descripcion`, `created`) VALUES
(1, 'Destination', 1, 'pepe', 'pepe@pulsem.mx', NULL, 'Muy bonitas fotos!', '2012-10-26 11:19:50'),
(2, 'Post', 6, 'Puddumirella', 'Puddumirella@tiscali.it', NULL, 'Molto interessante.vorrei conoscere i prodotti ed il loro uso.grazie.', '2012-12-24 15:29:30');

-- --------------------------------------------------------

--
-- Estructura de tabla para la tabla `destinationimgs`
--

CREATE TABLE IF NOT EXISTS `destinationimgs` (
  `id` int(10) unsigned NOT NULL auto_increment,
  `destination_id` int(10) unsigned default NULL,
  `src` varchar(255) NOT NULL,
  `portada` tinyint(1) default '0',
  `descripcion_ita` text,
  `descripcion_esp` text,
  `orden` int(10) unsigned default '0',
  `created` datetime default NULL,
  PRIMARY KEY  (`id`)
) ENGINE=MyISAM  DEFAULT CHARSET=utf8 AUTO_INCREMENT=110 ;

--
-- Volcado de datos para la tabla `destinationimgs`
--

INSERT INTO `destinationimgs` (`id`, `destination_id`, `src`, `portada`, `descripcion_ita`, `descripcion_esp`, `orden`, `created`) VALUES
(17, 17, 'upload/cuba4.jpg', 0, NULL, NULL, 17, '2012-10-26 11:06:22'),
(16, 17, 'upload/baracoa.jpg', 0, NULL, NULL, 16, '2012-10-26 11:06:21'),
(15, 17, 'upload/002.jpg', 0, NULL, NULL, 15, '2012-10-26 11:06:21'),
(14, 17, 'upload/001.jpg', 1, NULL, NULL, 14, '2012-10-26 11:06:21'),
(5, 2, 'upload/santiago.jpg', 1, '', '', 5, '2012-10-25 17:10:44'),
(6, 2, 'upload/santiago_2.jpg', 0, '', '', 6, '2012-10-25 17:10:44'),
(7, 2, 'upload/foto_santiago_caridad_del_cobre.jpg', 0, '', '', 7, '2012-10-25 17:10:44'),
(8, 3, 'upload/capitolio.jpg', 1, '', '', 8, '2012-10-26 10:55:22'),
(9, 3, 'upload/castillo_del_morro.jpg', 0, '', '', 9, '2012-10-26 10:55:22'),
(10, 3, 'upload/habana_calle_obispo.jpg', 0, '', '', 10, '2012-10-26 10:55:23'),
(11, 3, 'upload/habana_centro.jpg', 0, '', '', 11, '2012-10-26 10:55:23'),
(12, 3, 'upload/habana_museo_de_bellas_artes.jpg', 0, '', '', 12, '2012-10-26 10:55:23'),
(13, 3, 'upload/la_catedral_y_su_plaza.jpg', 0, '', '', 13, '2012-10-26 10:55:23'),
(18, 17, 'upload/marilyn_fachada.jpg', 0, NULL, NULL, 18, '2012-10-26 11:06:22'),
(19, 17, 'upload/riobaracoa.jpg', 0, NULL, NULL, 19, '2012-10-26 11:06:22'),
(20, 17, 'upload/wikipedia800pxbaracoa_5703.jpg', 0, NULL, NULL, 20, '2012-10-26 11:06:22'),
(21, 5, 'upload/camaguey.jpg', 1, '', '', 21, '2012-10-26 11:08:42'),
(22, 4, 'upload/cienfuegos.jpg', 1, '', '', 22, '2012-10-26 11:10:35'),
(23, 1, 'upload/trinidad_calle_de_piedra.jpg', 1, '', '', 23, '2012-10-26 11:15:39'),
(24, 1, 'upload/spettacolo_allescalinata.jpg', 0, '', '', 24, '2012-10-26 11:15:39'),
(25, 1, 'upload/playa_ancon_trinidad_de_cuba.jpg', 0, '', '', 25, '2012-10-26 11:15:39'),
(26, 1, 'upload/escalinata.jpg', 0, '', '', 26, '2012-10-26 11:15:39'),
(27, 1, 'upload/atardecer_en_trinidad.jpg', 0, '', '', 27, '2012-10-26 11:15:39'),
(28, 1, 'upload/centro_de_trinidad.jpg', 0, '', '', 28, '2012-10-26 11:15:39'),
(29, 1, 'upload/trinidad_centro.jpg', 0, '', '', 29, '2012-10-26 11:15:39'),
(30, 5, 'upload/camaguey1.jpg', 0, '', '', 30, '2012-10-26 11:35:05'),
(31, 5, 'upload/camaguey2.jpg', 0, '', '', 31, '2012-10-26 11:35:05'),
(32, 5, 'upload/competenciaruedacasinocamaguey08.jpg', 0, '', '', 32, '2012-10-26 11:35:05'),
(33, 5, 'upload/iglesiacarmencamaguey.jpg', 0, '', '', 33, '2012-10-26 11:35:05'),
(34, 6, 'upload/263996344_73ee3668ac.jpg', 1, '', '', 34, '2012-10-26 11:43:37'),
(35, 6, 'upload/cuba_radreise_128_bayamo.jpg', 0, '', '', 35, '2012-10-26 11:43:37'),
(36, 6, 'upload/kubai_varosok_bayamo_01.jpg', 0, '', '', 36, '2012-10-26 11:43:37'),
(37, 6, 'upload/paseo_de_bayamo_1.jpg', 0, '', '', 37, '2012-10-26 11:43:37'),
(38, 9, 'upload/coba_2.jpg', 1, '', '', 38, '2012-10-26 17:26:24'),
(39, 9, 'upload/coba.jpg', 0, '', '', 39, '2012-10-26 17:29:04'),
(40, 9, 'upload/coba1.jpg', 0, '', '', 40, '2012-10-26 17:32:34'),
(41, 9, 'upload/tulum.jpg', 0, '', '', 41, '2012-10-26 17:32:34'),
(42, 9, 'upload/tulum2.jpg', 0, NULL, NULL, 42, '2012-10-26 17:33:30'),
(43, 9, 'upload/tulum1.jpg', 0, NULL, NULL, 43, '2012-10-26 17:33:30'),
(44, 1, 'upload/000.jpg', 0, NULL, NULL, 44, '2012-10-26 17:35:40'),
(45, 16, 'upload/ekbalamaldeacommaya.jpg', 1, '', '', 45, '2012-10-26 17:42:06'),
(46, 16, 'upload/ekbalamaldeacommaya1.jpg', 0, '', '', 46, '2012-10-26 17:42:06'),
(47, 16, 'upload/ekbalamaldeacommaya2.jpg', 0, '', '', 47, '2012-10-26 17:42:06'),
(48, 16, 'upload/ekbalamaldeacommaya3.jpg', 0, '', '', 48, '2012-10-26 17:42:06'),
(49, 16, 'upload/ekbalamaldeacommaya4.jpg', 0, '', '', 49, '2012-10-26 17:42:06'),
(50, 12, 'upload/izamal.jpg', 1, NULL, NULL, 50, '2012-10-26 17:50:03'),
(51, 12, 'upload/izamal1.jpg', 0, NULL, NULL, 51, '2012-10-26 17:50:03'),
(52, 12, 'upload/izamal2.jpg', 0, NULL, NULL, 52, '2012-10-26 17:50:03'),
(53, 12, 'upload/izamal3.jpg', 0, NULL, NULL, 53, '2012-10-26 17:50:03'),
(54, 12, 'upload/izamal4.jpg', 0, NULL, NULL, 54, '2012-10-26 17:50:03'),
(55, 12, 'upload/izamalconventofranciscano.jpg', 0, NULL, NULL, 55, '2012-10-26 17:50:03'),
(56, 18, 'upload/pinar_centro__2.jpg', 1, '', '', 56, '2012-11-01 15:25:06'),
(57, 18, 'upload/pinar_centro_1.jpg', 0, '', '', 57, '2012-11-01 15:25:06'),
(58, 18, 'upload/pinar_centro_3.jpg', 0, '', '', 58, '2012-11-01 15:25:06'),
(59, 18, 'upload/pinar_centro_4.jpg', 0, '', '', 59, '2012-11-01 15:25:06'),
(60, 18, 'upload/pinar_centro.jpg', 0, '', '', 60, '2012-11-01 15:25:06'),
(61, 18, 'upload/pinar_del_rio.jpg', 0, '', '', 61, '2012-11-01 15:25:06'),
(62, 19, 'upload/st_clara__4.jpg', 1, '', '', 62, '2012-11-01 15:30:53'),
(63, 19, 'upload/st_clara__5.jpg', 0, '', '', 63, '2012-11-01 15:30:54'),
(64, 19, 'upload/st_clara__6.jpg', 0, '', '', 64, '2012-11-01 15:30:54'),
(65, 19, 'upload/st_clara_1.jpg', 0, '', '', 65, '2012-11-01 15:30:55'),
(66, 19, 'upload/st_clara_3.jpg', 0, '', '', 66, '2012-11-01 15:30:56'),
(67, 18, 'upload/pinarvalledevinales2.jpg', 0, NULL, NULL, 67, '2012-11-01 15:33:52'),
(68, 19, 'upload/stclara2cheguevara2.jpg', 0, NULL, NULL, 68, '2012-11-01 15:34:11'),
(69, 6, 'upload/bayamo_1.jpg', 0, NULL, NULL, 69, '2012-11-01 15:36:14'),
(70, 6, 'upload/bayamo_2.jpg', 0, NULL, NULL, 70, '2012-11-01 15:36:14'),
(71, 5, 'upload/camaguey10000.jpg', 0, NULL, NULL, 71, '2012-11-01 15:37:23'),
(80, 2, 'upload/sant_calle_heredia_noche.jpg', 0, NULL, NULL, 80, '2012-11-01 15:44:39'),
(73, 4, 'upload/cienfuegos_parco_jose_marti.jpg', 0, '', '', 73, '2012-11-01 15:40:50'),
(74, 4, 'upload/cienfuegos_playa_rancho_luna.jpg', 0, '', '', 74, '2012-11-01 15:40:50'),
(75, 4, 'upload/cienfuegos_punta_gorda.jpg', 0, '', '', 75, '2012-11-01 15:40:50'),
(76, 4, 'upload/cienfuegos0000.jpg', 0, '', '', 76, '2012-11-01 15:40:50'),
(77, 4, 'upload/cienfuegos02.jpg', 0, '', '', 77, '2012-11-01 15:40:50'),
(78, 4, 'upload/cienfuegos05.jpg', 0, '', '', 78, '2012-11-01 15:40:50'),
(79, 4, 'upload/cienfuegos07.jpg', 0, '', '', 79, '2012-11-01 15:40:50'),
(81, 2, 'upload/santiago_3.jpg', 0, NULL, NULL, 81, '2012-11-01 15:44:39'),
(82, 2, 'upload/santiago02.jpg', 0, NULL, NULL, 82, '2012-11-01 15:44:39'),
(83, 2, 'upload/santiago020000.jpg', 0, NULL, NULL, 83, '2012-11-01 15:44:39'),
(84, 3, 'upload/plazadearmas13518064891.jpg', 0, '', '', 84, '2012-11-01 15:48:09'),
(85, 3, 'upload/plazadelacatedral13518065211.jpg', 0, NULL, NULL, 85, '2012-11-01 15:48:41'),
(86, 16, 'upload/ekbalamaldeacommaya5.jpg', 0, NULL, NULL, 86, '2012-11-01 15:51:59'),
(87, 15, 'upload/ekb.jpg', 1, NULL, NULL, 87, '2012-11-01 16:02:45'),
(88, 15, 'upload/ekb1.jpg', 0, NULL, NULL, 88, '2012-11-01 16:02:45'),
(89, 15, 'upload/ekb2.jpg', 0, NULL, NULL, 89, '2012-11-01 16:02:45'),
(90, 15, 'upload/ekb3.jpg', 0, NULL, NULL, 90, '2012-11-01 16:02:45'),
(91, 15, 'upload/ekb4.jpg', 0, NULL, NULL, 91, '2012-11-01 16:02:45'),
(92, 15, 'upload/cenotexcanche.jpg', 0, NULL, NULL, 92, '2012-11-01 16:02:45'),
(93, 13, 'upload/adscf3756.jpg', 1, NULL, NULL, 93, '2012-11-01 16:06:11'),
(94, 13, 'upload/bassorilievi_chichenitza.jpg', 0, NULL, NULL, 94, '2012-11-01 16:06:11'),
(95, 13, 'upload/gioco_della_palla_chichenitza11.jpg', 0, NULL, NULL, 95, '2012-11-01 16:06:11'),
(96, 13, 'upload/kukulcan_chichenitza08.jpg', 0, NULL, NULL, 96, '2012-11-01 16:06:11'),
(97, 13, 'upload/templos_de_los_guerrero_chcichen_itza.jpg', 0, NULL, NULL, 97, '2012-11-01 16:06:11'),
(98, 13, 'upload/zonaarqueologicachichenitza.jpg', 0, NULL, NULL, 98, '2012-11-01 16:06:11'),
(99, 11, 'upload/miradorsolferino.jpg', 1, '', '', 99, '2012-11-01 16:16:18'),
(100, 11, 'upload/solferino.jpg', 0, '', '', 100, '2012-11-01 16:16:18'),
(101, 11, 'upload/2.jpg', 0, NULL, NULL, 101, '2012-11-01 16:21:30'),
(102, 11, 'upload/solferino12.jpg', 0, NULL, NULL, 102, '2012-11-01 16:21:30'),
(103, 11, 'upload/solferino13.jpg', 0, NULL, NULL, 103, '2012-11-01 16:21:30'),
(104, 10, 'upload/merida.jpg', 1, '', '', 104, '2012-11-01 16:25:49'),
(105, 10, 'upload/merida1.jpg', 0, '', '', 105, '2012-11-01 16:25:49'),
(106, 10, 'upload/merida2.jpg', 0, '', '', 106, '2012-11-01 16:25:49'),
(107, 10, 'upload/merida3.jpg', 0, '', '', 107, '2012-11-01 16:25:49'),
(108, 10, 'upload/merida4.jpg', 0, '', '', 108, '2012-11-01 16:25:49'),
(109, 10, 'upload/merida5.jpg', 0, NULL, NULL, 109, '2012-11-01 16:27:23');

-- --------------------------------------------------------

--
-- Estructura de tabla para la tabla `destinations`
--

CREATE TABLE IF NOT EXISTS `destinations` (
  `id` int(10) unsigned NOT NULL auto_increment,
  `tipo` enum('Cuba','Yucatan') default 'Cuba',
  `nombre` varchar(255) NOT NULL,
  `slug` varchar(255) NOT NULL,
  `subtitulo_ita` text,
  `subtitulo_esp` text,
  `descripcion_ita` text,
  `descripcion_esp` text,
  `activo` tinyint(1) default '1',
  `comment_count` int(11) default '0',
  `destinationimg_count` int(11) default '0',
  `created` datetime default NULL,
  PRIMARY KEY  (`id`)
) ENGINE=MyISAM  DEFAULT CHARSET=utf8 AUTO_INCREMENT=20 ;

--
-- Volcado de datos para la tabla `destinations`
--

INSERT INTO `destinations` (`id`, `tipo`, `nombre`, `slug`, `subtitulo_ita`, `subtitulo_esp`, `descripcion_ita`, `descripcion_esp`, `activo`, `comment_count`, `destinationimg_count`, `created`) VALUES
(1, 'Cuba', 'Trinidad', '1_trinidad', '<p>Non &eacute; vero che qui il tempo si sia fermato, come dicono tutte quante e orgogliose le principali agenzie di viaggio.</p>', '<p>No es cierto que el tiempo se ha detenido aqu&iacute;, como dicen todas y orgullosas las agencias de viajes.</p>', '<p>Credetemi, in realt&aacute; il tempo &eacute; curvo nella Trinidad coloniale, si muove senza posa ma in tondo,&nbsp; obbliga eternamente la Citt&aacute; a passare e ripassare sempre dagli stessi punti, portandosi in groppa gente e vie di pietra, case antiche e silenziosi patios, e carica di musica e&nbsp; balli la notte, splendida sempre.</p>\r\n<p>Trinidad funziona come un magnete, gemma lucente che richiama a s&eacute; continuamente le attenzioni di tutti, meritate.</p>\r\n<p>Sedetevi di pomeriggio tardi al bar della Escalinata, quando comincia a fare un po&rsquo; meno caldo e la luce diventa color di rosa e color di rosa e giallo e azzurro sono case e piazze,&nbsp; e guardate gi&uacute; verso la Citt&aacute;, verso la spiaggia lontana, poi scriveteci e raccontateci tutto quanto.</p>\r\n<p>&nbsp;</p>\r\n<h2 align="center"><strong>Informazioni sulla Citt&aacute;, e alcuni posti da vedere</strong></h2>\r\n<p><strong>&nbsp;</strong></p>\r\n<p>Fondata da Diego Velasquez nel 1515, con il nome di Villa de la Sant&iacute;sima Trinidad.</p>\r\n<p>Patrimonio dell&rsquo;Umanit&aacute; secondo l&rsquo;Unesco.</p>\r\n<p>Settantamila abitanti circa e in continua espansione, arriva gente da tutto il Paese, da Sancti Spiritus, Cienfuegos, dall&rsquo;Habana, dall&rsquo;oriente dell&rsquo;Isola.</p>\r\n<p>Trinidad &eacute; Citt&aacute;-Museo di stile coloniale, posizionata fra il mare e il gruppo montagnoso dell&rsquo;Escambray, ben conservata nelle zone del centro e di collina,&nbsp; quest&rsquo;ultima chiamata non a caso Zona Monumento.</p>\r\n<p>Qui costruivano le loro marmoree dimore i ricchi di prima della Rivoluzione, i proprietari delle piantagioni di canna da zucchero della vicina e splendida <strong>Valle&nbsp; de los</strong> <strong>Ingenios.</strong></p>\r\n<p><strong>Plaza Mayor</strong>, al centro della Zona Monumento. E&acute;la zona coloniale tutta da visitare, con Musei importanti, dimore antiche molto ben conservate, strade di pietra, bar e ristoranti, frequentatissima da stranieri.</p>\r\n<p>&nbsp;</p>\r\n<p>Alcuni Musei: <strong>Museo de la Historia, Casa de la Cultura, Museo de la</strong> <strong>Arqueolog&iacute;a</strong>, con oggetti delle popolazioni precolombiane, <strong>Museo Romantico,</strong> <strong>Museo Nacional de la Lucha contra Bandi</strong><strong>dos</strong>, storia della lotta ai contro-rivoluzionari.</p>\r\n<p>&nbsp;</p>\r\n<p align="center"><strong>&nbsp;</strong></p>\r\n<h2 align="center"><strong>Spiagge</strong></h2>\r\n<p><strong>&nbsp;</strong></p>\r\n<p><strong>&nbsp;</strong></p>\r\n<p><strong>Playa Anc&oacute;n</strong>, a 12 kilometri dalla Citt&aacute;, bella spiaggia di sabbia bianca e pulita.</p>\r\n<p>Si raggiunge con l&rsquo;autobus turistico, prezzo 4 CUC a persona andata e ritorno, attenti agli orari, o con il Coco-taxi, prezzo 12 CUC andata e ritorno, due persone al massimo. In quest&rsquo;ultimo caso, mettetevi d&rsquo;accordo con il conducente per l&rsquo;ora del ritorno e pagate solo quando vi riporter&aacute; in Citt&aacute;. Caffetteria e ristorante.</p>\r\n<p><strong>Playa La Boca</strong>, bel posto ma acqua contaminata, da evitare. Per di pi&uacute;, ogni tanto qualche pescecane entra nella baia per risalire il vicino fiume.</p>\r\n<p><strong>Playa Maria Aguilar</strong>. Pi&uacute; piccola di Anc&oacute;n, per&oacute; piacevole e pulita anche se pietrosa. Con un buon ristorante, di Stato, ma in questo caso di buon livello e non caro.</p>\r\n<p>&nbsp;</p>\r\n<p><strong>&nbsp;</strong></p>\r\n<h2 align="center"><strong>Da vedere</strong></h2>\r\n<p><strong>&nbsp;</strong></p>\r\n<p><strong>&nbsp;</strong></p>\r\n<p><strong>Tope de Collantes</strong>. Zona montagnosa, circa 700 metri di altezza, aria fresca, pinete, veramente bella e rilassante. La strada per arrivarci per&oacute; non &eacute; facile, impervia e piena di buche.</p>\r\n<p><strong>Valle de Los Ingenios</strong><strong>.</strong> Ampia valle appena fuori Citt&aacute;, antica&nbsp; zona di piantagioni di zucchero, dove lavoravano migliaia di schiavi. Rimangono esempi di architettura industriale e di dimore ben conservati.</p>\r\n<p>Dal Mirador (Osservatorio) appena fuori Citt&aacute; sulla strada per Sancti Spiritus, si ha una vista quasi completa di questa spettacolare valle. C&rsquo;&eacute; anche un bar.</p>\r\n<p>&nbsp;</p>\r\n<p><strong>&nbsp;</strong></p>\r\n<p><strong>&nbsp;</strong></p>\r\n<p><strong>Canchanchara.</strong> Bar della Zona Monumento, aperto dalle 9 alle 21. La bevanda dello steso nome, buonissima, &eacute; a base di acqua, limone, miele e aguardiente. Nel pomeriggio c&rsquo;&eacute; anche musica.</p>\r\n<p>&nbsp;</p>\r\n<p>&nbsp;</p>\r\n<p align="center"><strong>&nbsp;</strong></p>\r\n<h2 align="center"><strong>Divertirsi di notte</strong></h2>\r\n<p>&nbsp;</p>\r\n<p>&nbsp;</p>\r\n<p>Non metto gli indirizzi, a Trinidad nessuno li usa, bisogna chiedere.&nbsp;Meglio informarsi con i proprietari delle &ldquo; Casas&rdquo;.</p>\r\n<p>&nbsp;</p>\r\n<p><strong>Escalinata, Casa de la M&uacute;sica e Piano bar, tutti lass&uacute; riuniti .</strong></p>\r\n<p><strong>Escalinata.</strong> Dalle 21 all&rsquo;una, all&rsquo;aria aperta, nella Zona Monumento.</p>\r\n<p>Il meglio della notte trinitaria, magnifico luogo d&rsquo;incontro fra cubani e stranieri di ogni dove, fiume in piena d&rsquo;umanit&aacute; che si diverte, che si muove senza sosta in una scenografia da teatro, ineguagliabile.</p>\r\n<p>La gente si siede ai tavolini, sui muretti, per terra, dove capita. Si balla e si beve fino all&rsquo;una di notte. Ci sono anche spettacoli di danza.</p>\r\n<p>Non esiste un posto cos&iacute; in tutta Cuba.</p>\r\n<p>Non si paga l&rsquo;entrata, &eacute; all&rsquo;aperto! A meno che non ci sia in programma qualche concerto speciale, ma &eacute; raro.</p>\r\n<p>Per favore non perdetevi quest&rsquo;occasione.</p>\r\n<p>(Funziona anche di pomeriggio, sempre con musica ma tutto calmo, per rilassarsi)</p>\r\n<p>Dopo la Escalinata, si va alla <strong>Casa de la M&uacute;sica</strong>, l&iacute; in cima. Funziona dall&rsquo;una alle 4. Si balla, buoni gruppi musicali. Poi, per quelli che non vogliono proprio andarsene,&nbsp; c&rsquo;&eacute; sempre il <strong>Piano Bar.</strong></p>\r\n<p>&nbsp;</p>\r\n<p><strong>Casa de la Trova</strong>, gruppi di musica tradizionale. Molto bello, si pu&oacute; ballare.</p>\r\n<p><strong>Palenque</strong><strong>.</strong> Musica e balli di origine africana e haitiana, anche di pomeriggio.</p>\r\n<p>Piacevolissimo, e anche qui si pu&oacute; ballare.</p>\r\n<p><strong>Ruinas del Teatro Brunet</strong>. Musica tradizionale, afro-cubana. Corsi di ballo nel pomeriggio, chiedete al barman.</p>\r\n<p><strong>Casa Artex</strong>. Musica tradizionale, spettacoli cubani.</p>\r\n<p><strong>Discoteca dell&rsquo;Hotel Las Cuevas</strong>. Dentro un&rsquo;ampia e alta grotta. Da marted&iacute; a domenica.</p>\r\n<p>&nbsp;</p>\r\n<h2 style="text-align: center;"><strong>&nbsp;</strong></h2>\r\n<h2 style="text-align: center;"><strong>Suggerimenti</strong></h2>\r\n<p><strong>&nbsp;</strong></p>\r\n<p><strong>&nbsp;</strong></p>\r\n<p>Se vuoi sapere di pi&uacute; di Trinidad, mettiti in contatto con noi, clicca qui</p>\r\n<p>Se invece vuoi conoscere le nostre offerte, clicca qui</p>', '<p>Cr&eacute;anos, en realidad, el tiempo es curvo en la Trinidad colonial, se mueve sin descanso pero en circulo, eternamente obliga a la Ciudad a pasar y volver a pasar siempre en los mismos puntos, llevandose en los hombros gente y calles empedradas, casas antiguas y patios tranquilos, y llena de m&uacute;sica y baile por la noche.</p>\r\n<p>Esplendida siempre, y para ustedes.</p>\r\n<p>Trinidad funciona como un im&aacute;n, joya brillante que atrae constantemente la atenci&oacute;n de todos, merecida.</p>\r\n<p>Sientanse por la tarde en el bar de la Escalinata, cuando empieza a hacer un poco menos de calor y la luz se pone color de rosa y de color de rosa y amarillo y azul se pintan casas y plazas, y miren hacia abajo, hacia la Ciudad, hasta la playa. Pu&eacute;s escr&iacute;banos y cu&eacute;ntanos todo.</p>\r\n<p>&nbsp;</p>\r\n<p>&nbsp;</p>\r\n<h2>Diversi&oacute;n en la noche</h2>\r\n<p>No es mucho, sin embargo esto es lo que uno puede decir.</p>\r\n<p>Cabaret Bimbo, Parque Granma.</p>\r\n<p>La Esquina, es una cosa extra&ntilde;a, uno entra y piensa que tiene la direcci&oacute;n equivocada. Pero entonces la gente viene y luego se vuelve.</p>\r\n<p>&nbsp;Cuco bar, un mont&oacute;n de gente.</p>\r\n<p>&nbsp;A Bayamo en coche, relajado y amistoso.</p>\r\n<p>&nbsp;La Bayamesa, discoteca del hotel Sierra Maestra.</p>\r\n<p>&nbsp;La Barbacoa, cabaret Hotel El Yarey.</p>\r\n<p>&nbsp;Royalton Hotel Caf&eacute;.</p>\r\n<h2 align="center"><strong>Informaciones sobre la Ciudad, y algunos lugares para visitar</strong></h2>\r\n<p align="center">&nbsp;</p>\r\n<p><strong>&nbsp;</strong></p>\r\n<p>Fundada por Diego Vel&aacute;squez en al a&ntilde;o 1515, con el nombre de Villa de la Sant&iacute;sima Trinidad.</p>\r\n<p>Patrimonio de la Humanidad seg&uacute;n la Unesco.</p>\r\n<p>Setenta mil habitantes, y en continua expansi&oacute;n. Llega gente desde todo el Pa&iacute;s, desde Sancti Spiritus, Cienfuegos, La Habana, y Oriente de la Isla.</p>\r\n<p>Trinidad es Ciudad-Museo en estilo colonial, entre el mar y el grupo monta&ntilde;oso del Escambray, muy bien conservada.</p>\r\n<p>Aqu&iacute; constru&iacute;an sus mansiones los ricos antes de la Revoluci&oacute;n, los due&ntilde;os&nbsp; de las plantaciones de ca&ntilde;a de az&uacute;car, en la cercana y lind&iacute;sima <strong>Valle de los Ingenios.</strong></p>\r\n<p>&nbsp;</p>\r\n<p><strong>Plaza Mayor</strong>, al centro de la Zona Monumento. Esla zona colonial, con Museos importantes, mansiones antiguas muy bien conservadas, calles de piedra, con bares y restaurantes, muy frecuentadas por extranjeros.</p>\r\n<p>&nbsp;</p>\r\n<p>Algunos Museos:&nbsp;<strong>Museo de la Historia, Casa de la Cultura, Museo de la</strong>&nbsp;<strong>Arqueolog&iacute;a</strong>, <strong>Museo Romantico,</strong>&nbsp;<strong>Museo Nacional de la Lucha contra Bandidos</strong>.</p>\r\n<p>&nbsp;</p>\r\n<p align="center"><strong>&nbsp;</strong></p>\r\n<h2 align="center"><strong>Playas</strong></h2>\r\n<p><strong>&nbsp;</strong></p>\r\n<p><strong>&nbsp;</strong></p>\r\n<p><strong>Playa Anc&oacute;n</strong>, a 12 kil&oacute;metros de la Ciudad, arena blanca y limpia.</p>\r\n<p>Se llega all&iacute; con el autob&uacute;s tur&iacute;stico, precio&nbsp; 4 CUC por persona ida y vuelta cuidado con los horarios. Con el Coco-taxi, precio 12 CUC ida y vuelta, dos personas como m&aacute;ximo. Se pongan de acuerdo con el chofer por la vuelta, y paguen s&oacute;lo cuando los llevar&aacute; de regreso a la Ciudad. Cafeter&iacute;a y restaurante.</p>\r\n<p><strong>Playa La Boca</strong>, lugar lindo pero agua contaminada. Adem&aacute;s, de vez en cuando, hay tiburones que entran a la bah&iacute;a para subir el r&iacute;o cercano.</p>\r\n<p><strong>Playa Maria Aguilar</strong>. M&aacute;s peque&ntilde;a que Anc&oacute;n, agradable y limpia pero piedrosa. &nbsp;</p>\r\n<p>&nbsp;</p>\r\n<p><strong>&nbsp;</strong></p>\r\n<h2 align="center"><strong>Para ver</strong></h2>\r\n<p><strong>&nbsp;</strong></p>\r\n<p><strong>&nbsp;</strong></p>\r\n<p><strong>Tope de Collantes</strong>. Zona monta&ntilde;osa, 700 metros de altura, aire fresco, pinos, linda y relajante, pero la carretera&nbsp; para llegar all&iacute; no es f&aacute;cil.</p>\r\n<p><strong>Valle de Los Ingenios.</strong>&nbsp;Gran valle cercana a la Ciudad, antigua zona de plantaciones de ca&ntilde;a de azucar, donde trabajaban miles y miles de esclavos. Quedan ejemplos de arquitectura industrial y de mansiones bien conservadas. Desde el Mirador se puede observar esta espectacular valle. Tambi&eacute;n hay una cafeter&iacute;a.</p>\r\n<p><strong>Canchanchara.</strong>&nbsp;Bar de la Zona Monumento, abierto desde las 9 hasta las 9 p.m. Sirven una bebida del mismo nombre, muy sabrosa y fresca, en recipientes de barro, con base de lim&oacute;n, miel y aguardiente. Por la tarde hay m&uacute;sica en vivo.</p>\r\n<p>&nbsp;</p>\r\n<p>&nbsp;</p>\r\n<p align="center"><strong>&nbsp;</strong></p>\r\n<h2 align="center"><strong>Diversiones por las noches</strong></h2>\r\n<p>&nbsp;</p>\r\n<p>&nbsp;</p>\r\n<p>No vamos a poner las direcciones, en Trinidad nadie los usa, hay que preguntar. Mejor con los due&ntilde;os de las Casas.</p>\r\n<p>&nbsp;</p>\r\n<p><strong>Escalinata, Casa de la M&uacute;sica e Piano bar, todos juntos all&iacute; arriba.</strong></p>\r\n<p><strong>Escalinata.</strong>&nbsp;Desde las 9 p.m. a las cuatro de la madrugada, al aire libre, en la Zona Monumento.</p>\r\n<p>Lo mejor de la noche trinitaria, magnifico lugar de encuentro entre cubanos y extranjeros de todo el mundo, r&iacute;o en su m&aacute;ximo caudal de humanidad que se divierte, que se mueve sin parar en una escenograf&iacute;a de teatro, impresionante.&nbsp;</p>\r\n<p>La gente se sienta a las mesitas, en los escalones, donde sea. Se baila y se toma hasta la madrugada. Tambi&eacute;n hay espect&aacute;culos de danza.</p>\r\n<p>No hay un lugar parecido en toda Cuba. Adem&aacute;s la entrada es gratis, porqu&eacute; es al aire libre.</p>\r\n<p>Por favor, no se pierdan esta ocasi&oacute;n !</p>\r\n<p>Funciona tambi&eacute;n por la tarde, siempre con m&uacute;sica pero calmadito, para relajarse.</p>\r\n<p>Despu&eacute;s de la Escalinata, la gente se va a la <strong>Casa de la M&uacute;sica</strong>, all&iacute; arriba. Funciona desde la una a la cuatro de la madrugada. Al final, por los que no quieren irse para la Casa, siempre hay el <strong>Piano Bar.</strong></p>\r\n<p><strong>Casa de la Trova</strong>, grupos de m&uacute;sica tradicional. Muy lindo, se puede bailar.</p>\r\n<p><strong>Palenque.</strong>&nbsp;M&uacute;sica y bailes di origen africano e haitiano, anche por la tarde.</p>\r\n<p><strong>Ruinas del Teatro Brunet</strong>. M&uacute;sica tradicional afro-cubana. Clase de baile por la tarde, pregunten al cantinero.</p>\r\n<p><strong>Casa Artex</strong>. M&uacute;sica tradicional, espect&aacute;culos cubanos.</p>\r\n<p><strong>Discoteca dell&rsquo;Hotel Las Cuevas</strong>. En una amplia y alta cueva. Desde martes a domingo.</p>\r\n<p>&nbsp;</p>\r\n<p align="center"><strong>&nbsp;</strong></p>\r\n<p>&nbsp;</p>\r\n<h2 align="center"><strong>Sugerencias</strong></h2>\r\n<p>&nbsp;</p>\r\n<p>&nbsp;</p>\r\n<p>Si quieres saber m&aacute;s sobre Trinidad, ponte en contacto con nosotros, <span style="text-decoration: underline;">dale clic aqu&iacute;</span></p>\r\n<p>Si quieres conocer nuestras ofertas, <span style="text-decoration: underline;">dale clic aqu&iacute;</span></p>', 1, 0, 8, '2012-10-24 18:29:46'),
(2, 'Cuba', 'Santiago de Cuba', '2_santiago-de-cuba', '<p>La pi&uacute; africana delle Citt&aacute; di Cuba</p>', '<p>La m&aacute;s africana de las Ciudades de Cuba</p>', '<p>La pi&uacute; africana delle Citt&aacute; di Cuba, come tutto l&rsquo;Oriente del Paese invaso dai latifondisti&nbsp; in fuga dalle ribellioni di Haiti, con al seguito i loro schiavi.</p>\r\n<p>Citt&aacute; con un ruolo assolutamente preponderante nelle guerre per l&rsquo;indipendenza dalla Spagna, nella resistenza contro Batista e nella Rivoluzione.</p>\r\n<p>Citt&aacute; fra le pi&uacute; belle di Cuba, abitata da gente gioiosamente musicale, e ve ne renderete conto quando visiterete i luoghi di musica e ballo, patria del <em>son </em>e della <em>conga</em>, nati dalla fusione di folklore musicale spagnolo e di straordinari, entusiasmanti ritmi africani, anche questo patrimonio culturale degli schiavi.</p>\r\n<p>In questi turbini mi perdo, e devo davvero dire che questi africani ne sapevano qualcosa di musica (e non solo di musica, <em>c&rsquo;est pas vrai</em> <em>monsieur Picasso?</em>)</p>\r\n<p>&nbsp;</p>\r\n<h2 align="center">Informazioni sulla Citt&aacute; e posti da vedere.</h2>\r\n<h2 align="center"><strong>&nbsp;</strong></h2>\r\n<p>&nbsp;</p>\r\n<p>Fondata nel 1515.</p>\r\n<p>Abitanti, 430.000.</p>\r\n<p>&nbsp;</p>\r\n<p>Centro Citt&aacute; con quattro piazze splendide, <strong>Parque Ajedrez, Plaza Dolores, Plaza</strong> <strong>de Marte e Parque C&eacute;spedes</strong>, con la casa dell&rsquo;ormai per voi famoso fondatore di Citt&aacute; Diego Velasquez, e la <strong>Sierra Maestra</strong> come sfondo, il pi&uacute; importante sistema montagnoso di Cuba.</p>\r\n<p>&nbsp;</p>\r\n<p><strong>Fortezza del Morro</strong>, notevole esempio di&nbsp; architettura militare.</p>\r\n<p>&nbsp;</p>\r\n<p><strong>Basilica de la Virgen de la Caridad del Cobre.</strong> Splendida l&rsquo;immagine della Virgen dentro la Basilica, circondata da marmi. &Eacute; uno dei siti culturalmente pi&uacute; importanti per il popolo cubano. Nel sincretismo religioso cos&iacute; diffuso a Cuba, la Virgen &eacute; associata a Och&uacute;n (vedi documento &ldquo;Religioni&rdquo;)</p>\r\n<p>&nbsp;</p>\r\n<p><strong>Riserva Ecologica Siboney,</strong> a 15 km dalla Citt&aacute;. Flora da proteggere perch&eacute; i suoli sono troppo superficiali e le temperature alte. Grotte, rettili e uccelli di molte specie. A Cuba non esistono rettili velenosi.</p>\r\n<p>&nbsp;</p>\r\n<p><strong>Sierra de la Gran Piedra</strong>. Sistema montagnoso di pi&uacute; di mille metri d&rsquo;altezza, famoso per la presenza di un enorme blocco di roccia del peso di quasi 70 mila tonnellate.</p>\r\n<p>&nbsp;</p>\r\n<p><strong>Museo de Ciencias Naturales Tomas Romay,</strong> archeologia, oceanologia, planetario.</p>\r\n<p>&nbsp;</p>\r\n<p><strong>Museo Bacardi,</strong> Calle Pio Rosado e Aguilera, arti plastiche, architettura&nbsp; e storia.</p>\r\n<p>&nbsp;</p>\r\n<p><strong>Museo del Carnaval</strong>, Calle Heredia 301.</p>\r\n<p>&nbsp;</p>\r\n<p><strong>Museo del Ron</strong>, Calle San Basilio 358.</p>\r\n<p>&nbsp;</p>\r\n<p>&nbsp;</p>\r\n<p>&nbsp;</p>\r\n<p align="center"><strong>&nbsp;</strong></p>\r\n<h2 align="center">Divertirsi di notte</h2>\r\n<p>&nbsp;</p>\r\n<p>&nbsp;</p>\r\n<p>&nbsp;</p>\r\n<p>Molta scelta per i divertimenti notturni, mi limiter&oacute; a segnalarvene alcuni, dove musica, danza e partecipazione del pubblico sono le caratteristiche di base, nello stile della Citt&aacute;.</p>\r\n<p>Non perdetevene neppure uno.</p>\r\n<p>&nbsp;</p>\r\n<p><strong>Caf&eacute; Cantante Niagara</strong>, Teatro Heredia, Avenida Americas, son e boleros, atmosfera trascinante, tipicamente santiaguera.</p>\r\n<p>&nbsp;</p>\r\n<p><strong>Club 300</strong><strong>,</strong> Calle Aguilera, boleros e bailadas.</p>\r\n<p>&nbsp;</p>\r\n<p><strong>Casa de la M&uacute;sica</strong>, Calle Corona y Enramado, gruppi musicali.</p>\r\n<p>&nbsp;</p>\r\n<p><strong>Casa de la Trova</strong><strong>,</strong> Calle Heredia 208, son e boleros, la pura trova di Santiago, i migliori gruppi di son, autentico monumento alla musica cubana.</p>\r\n<p>Chi non ci va sar&aacute; punito dagli dei.</p>\r\n<p>&nbsp;</p>\r\n<p><strong>Casa de las Tradiciones Populares</strong>, La Casona, &ldquo;barrio&rdquo;(quartiere) Tivoli, son, boleros, poesia, arti e fotografia.</p>\r\n<p>&nbsp;</p>\r\n<p><strong>Casa del Caribe,</strong> Calle 13 n. 154, musica afro cubana, haitiana, e tradizionale latino-americana, consultare il programma.</p>\r\n<p>&nbsp;</p>\r\n<p><strong>La Jut&iacute;a Conga</strong>, sede dell&rsquo;UNEAC, Unione degli scrittori e artisti di Cuba, Calle Heredia, gruppi musicali e solisti, galleria d&rsquo;arte con bar e qualcosa da mangiare, frequentato da pittori, poeti e scrittori.</p>\r\n<p>&nbsp;</p>\r\n<p><strong>Patio di Artex</strong><strong>,</strong> Calle Heredia 304, musica tradizionale.</p>\r\n<p>&nbsp;</p>\r\n<p><strong>Patio de Los Dos Abuelos</strong>, all&rsquo;aria aperta, Calle P&eacute;rez Carb&oacute; 5, son e boleros, gruppi musicali, poesia, spettacoli. Salsa, merengue e rock latino nei fine settimana, consultare il programma.</p>\r\n<p>&nbsp;</p>\r\n<p><strong>Discoteca Karaoke Club La Iris,</strong> Calle Aguilera 617, salsa, merengue e rock latino.</p>\r\n<p>&nbsp;</p>\r\n<p><strong>Discoteca Club Tropical,</strong> Autostrada Nazionale km. 1</p>\r\n<p>&nbsp;</p>\r\n<p><strong>La Maison,</strong> Avenida Manduley 52, spettacoli, negozi, ristorante.</p>\r\n<p>&nbsp;</p>\r\n<p><strong>Bar La Columnita</strong>, Calle San Felix,punto d&rsquo;incontro dei nottambuli, piacevole, ci vanno tutti.</p>\r\n<p>&nbsp;</p>\r\n<p><strong>Pico Real,</strong> Avenida de Las Americas y M, terrazza dell&rsquo;ultimo piano dell&rsquo;Hotel Melia. Fantastica la vista sulla Citt&aacute;, musica dal vivo.</p>\r\n<p>&nbsp;</p>\r\n<p><strong>Taberna de Los Dolores</strong>, Calle Aguilera y Plaza Dolores, musica dal vivo, molto economico e in &ldquo;pesitos&rdquo; cubani, vedi documento &rdquo;Monete&rdquo;.</p>\r\n<p>&nbsp;</p>\r\n<p><strong>Cabaret San Pedro del Mar</strong>, Carretera Morro km 8, musiche romantiche, spettacoli, ottime bevande. Bello.</p>\r\n<p>&nbsp;</p>\r\n<p>&nbsp;</p>\r\n<p>&nbsp;</p>\r\n<h2 style="text-align: center;">Suggerimenti</h2>\r\n<p><strong>&nbsp;</strong></p>\r\n<p><strong>&nbsp;</strong></p>\r\n<p><strong><br /></strong>Se vuoi sapere di pi&uacute; su Santiago de Cuba, mettiti in contatto con noi, clicca qui</p>\r\n<p>&nbsp;</p>\r\n<p>Se invece vuoi conoscere le nostre offerte, clicca qui</p>\r\n<p>&nbsp;</p>', '<p>La m&aacute;s africana de las Ciudades de Cuba, al igual que todo el Oriente del Pa&iacute;s, invadido en pasado por los terratenientes que se hu&iacute;an de las rebeliones en Hait&iacute;, con sus esclavos a remolque.</p>\r\n<p>Ciudad con un papel absolutamente dominante en las guerras por la independencia, en la resistencia contra Batista y en la Revoluci&oacute;n.</p>\r\n<p>Ciudad de las m&aacute;s bellas de Cuba, habitada por gente alegramente m&uacute;sical, y ustedes se dar&aacute;n cuenta al visitar los lugares de la m&uacute;sica y de la danza. Lugar de nacimiento del "son" y de la "conga", nacidos de la fusi&oacute;n de la m&uacute;sica tradicional espa&ntilde;ola y de extraordinarios, emocionantes ritmos Africanos, patrimonio cultural de los esclavos.</p>\r\n<p>Se puede perderse en estos torbellinos, y realmente hay que decir que los africanos sab&iacute;an algo de m&uacute;sica (y no s&oacute;lo m&uacute;sica, &iquest;&nbsp;<em>c''est pas vrai monsieur</em>&nbsp;<em>Picasso&nbsp;?</em>)</p>\r\n<p align="center">&nbsp;</p>\r\n<h2 align="center">Informaciones sobre la Ciudad y lugares&nbsp; para visitar.</h2>\r\n<p align="center"><strong>&nbsp;</strong></p>\r\n<p>&nbsp;</p>\r\n<p>Fundada en al a&ntilde;o 1515.</p>\r\n<p>Habitantes&nbsp; 430.000</p>\r\n<p>&nbsp;</p>\r\n<p>Centro Ciudad con cuatro esplendidas plazas, <strong>Parque Ajedrez, Plaza Dolores, Plaza</strong>&nbsp;<strong>de Marte e Parque C&eacute;spedes</strong>, y la&nbsp;<strong>Sierra Maestra</strong>&nbsp;como escenario, el m&aacute;s sistema de monta&ntilde;as de Cuba.</p>\r\n<p>&nbsp;</p>\r\n<p><strong>Fortaleza del Morro</strong>, ejemplo de arquitectura militar.</p>\r\n<p><strong>Bas&iacute;lica de la Virgen de la Caridad del Cobre.</strong>&nbsp;Esplendida la imagen de la &nbsp;Virgen dentro la Bas&iacute;lica. Es uno de los sitios culturalmente m&aacute;s importantes para el pueblo cubano.</p>\r\n<p>&nbsp;</p>\r\n<p><strong>Reserva Ecol&oacute;gica Siboney,</strong>&nbsp;a 15 km afuera de la Ciudad. Flora por proteger porque el suelo es demasiado superficial &nbsp;y las temperaturas demasiado altas. Cuevas, r&eacute;ptiles y aves de muchas especies. A Cuba no hay r&eacute;ptiles venenosos.</p>\r\n<p>&nbsp;</p>\r\n<p><strong>Sierra de la Gran Piedra</strong>. Sistema monta&ntilde;oso di m&aacute;s de mil metros de altura.</p>\r\n<p>&nbsp;</p>\r\n<p><strong>Museo de Ciencias Naturales Tomas Romay,</strong>&nbsp;arqueolog&iacute;a, oceanolog&iacute;a, planetario.</p>\r\n<p>&nbsp;</p>\r\n<p><strong>Museo Bacardi,</strong>&nbsp;Calle Pio Rosado e Aguilera, artes pl&aacute;sticas, arquitectura&nbsp; y historia.</p>\r\n<p>&nbsp;</p>\r\n<p><strong>Museo del Carnaval</strong>, Calle Heredia 301.</p>\r\n<p>&nbsp;</p>\r\n<p><strong>Museo del Ron</strong>, Calle San Basilio 358.</p>\r\n<p>&nbsp;</p>\r\n<p>&nbsp;</p>\r\n<p>&nbsp;</p>\r\n<p align="center"><strong>&nbsp;</strong></p>\r\n<h2 align="center">Diversiones por las noches</h2>\r\n<p>&nbsp;</p>\r\n<p>&nbsp;</p>\r\n<p>&nbsp;</p>\r\n<p><strong>Caf&eacute; Cantante Niagara</strong>, Teatro Heredia, Avenida Am&eacute;ricas, son e boleros, t&iacute;pica atm&oacute;sfera santiaguera.</p>\r\n<p><strong>Club 300,</strong>&nbsp;Calle Aguilera, boleros e bailadas.</p>\r\n<p><strong>Casa de la M&uacute;sica</strong>, Calle Corona y Enramado, grupos musicales.</p>\r\n<p><strong>Casa de la Trova,</strong>&nbsp;Calle Heredia 208, son e boleros, la verdadera trova de Santiago, los mejores grupos de son, aut&eacute;ntico monumentos de la m&uacute;sica cubana.</p>\r\n<p><strong>Casa de las Tradiciones Populares</strong>, La Casona, barrio Tivoli, son, boleros, poemas, artes y fotograf&iacute;a.</p>\r\n<p><strong>Casa del Caribe,</strong>&nbsp;Calle 13 n. 154, m&uacute;sica afro-cubana, haitiana, y tradicional latino-americana.</p>\r\n<p><strong>La Jut&iacute;a Conga</strong>, sede del UNEAC, Uni&oacute;n de los escritores y artistas de Cuba, Calle Heredia, grupos musicales e solistas, galer&iacute;a de arte, con bar e algo para comer, frecuentado por pintores, poetas y escritores</p>\r\n<p><strong>Patio de Artex,</strong>&nbsp;Calle Heredia 304, m&uacute;sica tradicional.</p>\r\n<p><strong>Patio de Los Dos Abuelos</strong>, al aire libre, Calle P&eacute;rez Carb&oacute; 5, son e boleros, grupos musicales, poes&iacute;a, espect&aacute;culos. Salsa, merengue e rock latino en los fines de semana.</p>\r\n<p><strong>Discoteca Karaoke Club La Iris,</strong>&nbsp;Calle Aguilera 617, salsa, merengue y rock latino.</p>\r\n<p>&nbsp;<strong>Discoteca Club Tropical,</strong>&nbsp;Autopista Nacional, al km. 1</p>\r\n<p>&nbsp;<strong>La Maison,</strong>&nbsp;Avenida Manduley 52, espect&aacute;culos, tiendas y restaurantes.</p>\r\n<p>&nbsp;</p>\r\n<p><strong>Bar La Columnita</strong>, Calle San F&eacute;lix, lugar de encuentro. Agradable para transnochar.</p>\r\n<p><strong>Pico Real,</strong>&nbsp;Avenida de Las Am&eacute;ricas y M, terraza al &uacute;ltimo piso del Hotel Meli&aacute;. Fant&aacute;stica la vista de la Ciudad, m&uacute;sica en vivo.</p>\r\n<p><strong>Taberna de Los Dolores</strong>, Calle Aguilera y Plaza Dolores, m&uacute;sica en vivo, muy barato y en &ldquo;pesitos&rdquo; nacionales cubanos.</p>\r\n<p><strong>Cabaret San Pedro del Mar</strong>, Carretera Morro km 8, m&uacute;sicas rom&aacute;nticas, espect&aacute;culos, buenas bebidas. Lindo.</p>\r\n<p>&nbsp;</p>\r\n<p>&nbsp;</p>\r\n<h2 align="center">Sugerencias</h2>\r\n<p>&nbsp;</p>\r\n<p>&nbsp;</p>\r\n<p>Si quieres saber m&aacute;s sobre Santiago, ponte en contacto con nosotros, <span style="text-decoration: underline;">dale clic aqu&iacute;</span></p>\r\n<p>Si quieres conocer nuestras ofertas, <span style="text-decoration: underline;">dale clic aqu&iacute;</span></p>', 1, 0, 7, '2012-10-24 18:46:59'),
(3, 'Cuba', 'La Havana ', '3_la-havana', '', '', '<p>Non aver paura di niente e di nessuno, e guarda diritto in faccia una della Citt&aacute; pi&uacute; stupefacenti del mondo.</p>\r\n<p>Non aver paura di niente e di nessuno, ma tieni ben aperti occhi e orecchie, ascolta, osserva e non ti perdere nulla.</p>\r\n<p>All&rsquo;Havana non avrai nemici, ma da dietro l&rsquo;angolo pu&oacute; venir fuori l&rsquo;inaspettato ,&nbsp;con la faccia insieme del riso o del pianto, del comprensibile o del misterioso, avvinghiati indissolubilmente. Hai gi&aacute; capito, La Havana &eacute; tutto e il suo contrario.</p>\r\n<p>Citt&aacute; entusiasmante, piena di musica, di balli e di danze, di gente curiosa e apertissima, piena di Musei, Cinema&nbsp; e Teatri, di Arte e di Storia. Non si conosce il mondo, se non s&rsquo;&eacute; visitata La Havana.</p>\r\n<p>&nbsp;</p>\r\n<p>&nbsp;</p>\r\n<h2 align="center">Informazioni sulla Citt&aacute;, e solo alcuni dei luoghi che mi sembra importante conoscere</h2>\r\n<p align="center"><strong>&nbsp;</strong></p>\r\n<p style="text-align: justify;" align="center">Fondata nel 1519 da Diego Velasquez de Cuellar, con il nome di Villa de San Cristobal de La Habana.</p>\r\n<p>Patrimonio dell&rsquo;Umanit&aacute;, secondo l&rsquo;Unesco.</p>\r\n<p>Numero di abitanti,&nbsp; 2.140.000, in continuo aumento.</p>\r\n<p align="center"><strong>&nbsp;</strong></p>\r\n<p align="center"><strong>&nbsp;</strong></p>\r\n<p><strong>Habana Vieja,</strong><span style="color: #000000;"> il centro storico Patrimonio Unesco dell&rsquo;Umanit&aacute;.</span></p>\r\n<p><strong>Plaza de Armas, Parque Central y Plaza de la Catedral</strong> splendide architetture coloniali e in stile barocco.</p>\r\n<p><strong>Barrio Chino</strong>, quartiere cinese denso di vita, bar e ristoranti. Bello.</p>\r\n<p><strong>Bodeguita del Medio e Floridita</strong>, bar frequentatissimi da visitatori di tutto il mondo, cos&iacute; come, di sera, il piano bar dell&rsquo;Hotel <strong>Ambos Mundos</strong>, conosciuti come i rifugi dove Ernest Hemingway passava ore a mandar gi&uacute; &ldquo;daiquir&iacute;&rdquo;.</p>\r\n<p><strong>Castillo de la Real Fuerza e Castillo de los Tres Reyes del Morro,</strong> antiche fortezze a difesa della Citt&aacute;, al tempo dei pirati.</p>\r\n<p><strong>Universidad de La Havana e Plaza de la Revoluci&oacute;n.</strong></p>\r\n<p><strong>Jard&iacute;n Zoologico,</strong> animali con qualche problema, come in tutti gli zoo.</p>\r\n<p><strong>Casa de Las Americas</strong>, Calle 3&nbsp; y G, Vedado, spazio di dibattiti, scrittori e giovani artisti cubani.</p>\r\n<p><strong>Capitolio de La Havana,</strong> simbolo della Citt&aacute;, aperto al pubblico.</p>\r\n<p><strong>Malec&oacute;n,</strong> il lungomare, per incontrarsi e conversare. C&rsquo;&eacute; sempre gente, di notte e di giorno.</p>\r\n<p><strong>Puerto de La Havana,</strong> porto antico e suggestivo.</p>\r\n<p><strong>Parque Lenin,</strong> parco immenso di 760 ettari, divertimento e ristoranti. Molti bambini e scolaresche.</p>\r\n<table style="width: 31%;" border="0" cellpadding="0">\r\n<tbody>\r\n<tr>\r\n<td valign="top">&nbsp;</td>\r\n</tr>\r\n</tbody>\r\n</table>\r\n<p><strong>Marina Hemingway</strong>, a Santa F&eacute;, a occidente della Citt&aacute;, bellissimo centro nautico, tranquillo e suggestivo (Quinta Avenida e poi via, sempre diritto, poi chiedete)</p>\r\n<p align="center"><strong>&nbsp;</strong></p>\r\n<p align="center"><strong>&nbsp;</strong></p>\r\n<h2 align="center">Alcuni dei molti Musei</h2>\r\n<p align="center"><strong>&nbsp;</strong></p>\r\n<p>&nbsp;</p>\r\n<p><strong>Museo Nacional de Bellas Artes,</strong> 9-17, chiuso luned&iacute; e marted&iacute;,&nbsp;Calle Trocadero, entre Agramonte e Av. Las Misiones</p>\r\n<p><strong>Museo de la Ciudad de La Habana,</strong> da marted&iacute; a sabato, 11.30-17,&nbsp;domenica&nbsp; 9-12, Calle Tac&oacute;n, entre Obispo y O&rsquo;Reilly</p>\r\n<p><strong>Museo de Arte Colonial</strong>, da marted&iacute; a sabato 9-17, domenica 9-13,&nbsp;Calle San Ignacio n. 61, Plaza Cat&eacute;dral</p>\r\n<p><strong>Museo de Historia Natural</strong>, da marted&iacute; a sabato, 10.15-17.45,&nbsp;domenica 9.15-12.45, Paseo del Prado entre Dragones y San Mart&iacute;n</p>\r\n<p><strong>Museo de la Revoluci&oacute;n</strong>, da marted&iacute; a sabato, 13-18, domenica 9-13,&nbsp;Calle Refugio n.1, entre Monserrate y Zuluela</p>\r\n<p><strong>Museo de Artes Decorativas</strong>, da marted&iacute; a sabato, 11-18.30,&nbsp;domenica 9-13, Calle 17 n. 502, entre D&nbsp; y&nbsp; E, Vedado</p>\r\n<p><strong>Museo Napoleonico</strong>, da marted&iacute; a venerd&iacute;, 9-12/13-16, a&nbsp;sabati alternati 9-12/13-16, Calle San Miguel angolo Calle Ronda, Vedado</p>\r\n<p><strong>Museo Archivo de la M&uacute;sica</strong>, da marted&iacute; a sabado, 10-18, domenica 9-12,&nbsp;Calle Carcel n. 1, entre Aguilar y Habana</p>\r\n<p><strong>Museo &Aacute;rabe,</strong> da marted&iacute; a sabato, 14.30-18.30/19-21.45, domenica 9-13,&nbsp;Calle Oficios, entre Obispo y Obrapia</p>\r\n<p><strong>Casa del Africa,</strong> da marted&iacute; a sabato, 14.30-18.30, domenica 9-13,&nbsp;Calle Obrapia n. 157, entre Mercaderes y San Ignacio</p>\r\n<p><strong>Centro Wilfredo Lam</strong>, da luned&iacute; a venerd&iacute;, 8.30-16.30, bsabati alternati 8.30-16,30, Calle Oficio y Acosta</p>\r\n<p>&nbsp;</p>\r\n<p align="center">&nbsp;</p>\r\n<h2 align="center">Di notte, grande scelta</h2>\r\n<p>&nbsp;</p>\r\n<p>Non &eacute; facile elencare i posti di divertimento nortturno all&rsquo;Habana, ce ne sono dapppertutto, basta guardarsi attorno, e poi quasi ogni albergo ha il suo proprio spettacolo. Comunque, ecco alcuni suggerimenti.</p>\r\n<p><strong>&nbsp;</strong></p>\r\n<p><strong>Salon Rosado de la Tropical, Benny Mor&eacute;,</strong>&nbsp;scarsamente indicato sulle guide. Musica e balli demenziali in un mondo straordinario, disposto su tre livelli che noi denominiamo Inferno,&nbsp; Purgatorio e &nbsp;Paradiso, quello in alto, il Paradiso ovviamente, riservato ai pochi e avventurosi stranieri .</p>\r\n<p>Naturalmente, noi preferiamo l&rsquo;Inferno del piano terra, fra la perduta gente. Entriamo dal Paradiso, e immediatamente voliamo gi&uacute; all&rsquo;Inferno, &nbsp;abbandonandoci al godimento di demoniaci balli sfrenati sotto il palco, con la combriccola di turno che canta e urla e che frastorna di musica e ritmo.</p>\r\n<p>Moltissima gente per il fine settimana, quasi tutti cubani.&nbsp;Restaurato recentemente.</p>\r\n<p>Se&ntilde;oras y Se&ntilde;ores,&nbsp; siete avvisati, questo &eacute; il Popolo, questa &eacute; vera Cuba.&nbsp;Il Popolo va bene, per&oacute; metteteci un bel po&rsquo; di prudenza, la folla a volte &eacute; davvero troppa, e l&iacute; c&rsquo;&eacute; davvero di tutto.</p>\r\n<p>Avenida 41, entre 45 y 44, Playa.</p>\r\n<p><strong>Habana Caf&eacute;,</strong> musica, Paseo, entre 1 y 3.</p>\r\n<p><strong>Casa de la M&uacute;sica</strong>, musica e balli, Avenida Italia, entre Concordia y Neptuno.</p>\r\n<p><strong>Cabaret Turquino</strong><strong>,</strong> ultimo piano dell&rsquo;Hotel Habana Libre, discoteca, se non piove aprono il tetto, Calle 23 y L.</p>\r\n<p><strong>Caf&eacute; Cantante</strong>, discoteca, entrata laterale del Teatro Nacional de Cuba, Paseo y Calle 39.</p>\r\n<p><strong>Jazz Caf&eacute;, </strong>Calle 1 y Paseo.</p>\r\n<p><strong>Cabaret Tropicana</strong>, classico spettacolo di cabaret habanero, caro, Calle 72 y 43, Marianao, ovest della Citt&aacute;. Il <strong>Tropicana </strong>sta dentro un parco bellissimo, si pu&oacute; andarci anche di pomeriggio, c&rsquo;&eacute; un bar ristorante.</p>\r\n<p>Piano Bar del<strong>&ldquo;1830&rdquo;,</strong> Malec&oacute;n e 22, torrione antico sul mare.</p>\r\n<p>&nbsp;</p>\r\n<p>&nbsp;</p>\r\n<h2 align="center">Solo alcuni dei molti Teatri</h2>\r\n<p align="center"><strong>&nbsp;</strong></p>\r\n<p align="center"><strong>&nbsp;</strong></p>\r\n<p><strong>Gran Teatro de La Habana</strong>, Calle Prado, entre San Rafael y San Jos&eacute; famoso per il Balletto Nazionale di Cuba. Musica classica e moderna.</p>\r\n<p><strong>Teatro America,</strong> Galliano esquina Concordia, concerti.</p>\r\n<p><strong>Teatro Nacional de Cuba</strong>, Paseo y 39, musica popolare cubana, solisti e humour. Laboratorio di teatro, pi&uacute; Caf&eacute; Cantante pi&uacute; Piano Bar.</p>\r\n<p><strong>Teatro Mella, </strong>Linea n. 657, entre A y B, riviste musicali, recitals e teatro, spettacoli di artisti cubani e internazionali.</p>\r\n<p><strong>Teatro Amadeo Rold&aacute;n</strong>, Calzada, entre Calle D&nbsp; y&nbsp; E, orchestre sinfoniche e recitals.</p>\r\n<p><strong>Teatro Karl Marx,</strong> Avenida Primera, entre Calles 8&nbsp; y&nbsp; 10, 5500 posti, concerti e spettacoli di grandi gruppi cubani e internazionali.</p>\r\n<p><strong>Basilica Menor de San Francisco de As&iacute;s</strong>, sulla Piazza che porta lo stesso nome, musica da camera e concerti corali.</p>\r\n<p><strong>Teatro Bertold Brecht</strong>, Calle 13 y Primera, Vedado.</p>\r\n<p><strong>Teatro El S&oacute;tano</strong>, Calle K, entre Calles 25 y 27, Vedado, opere di teatro moderno.</p>\r\n<p>&nbsp;</p>\r\n<p>&nbsp;</p>\r\n<h2 style="text-align: center;">Suggerimenti</h2>\r\n<h3><span><strong>&nbsp;</strong></span></h3>\r\n<p><span>Se vuoi sapere di pi&uacute; sull''Havana, mettiti in contatto direttamente con noi, clicca qui</span></p>\r\n<p><span>Se invece vuoi conoscere le nostre offerte, clicca qui</span></p>\r\n<h3><span><strong>&nbsp;</strong></span></h3>\r\n<p align="center"><strong>&nbsp;</strong></p>\r\n<p align="center"><strong>&nbsp;</strong></p>\r\n<p><strong>&nbsp;</strong></p>\r\n<p>&nbsp;</p>\r\n<p>&nbsp;</p>\r\n<p>&nbsp;</p>', '<p>No tengan miedo a nada ni a nadie, y miren con atenci&oacute;n a una de las Ciudades m&aacute;s estupefacientes del mundo.</p>\r\n<p>No tengan miedo a nada ni a nadie, pero mantengan ojos y &nbsp;o&iacute;dos bien abiertos, escuchen, observen y no se pierdan nada.</p>\r\n<p>A La Habana no tienen enemigos, pero detr&aacute;s de la esquina puede surgir lo inesperado, con&nbsp;su rostro riente o llorante, del perfectamente comprensible o del misterioso y inexplicable, entrelazados. &nbsp;La Habana es todo y su contrario.</p>\r\n<p>Ciudad entusiasmante, llena de m&uacute;sica, bailes y danzas, de colores. Pueblo curioso, muy atento, vivo y abierto. Ciudad repleta de lugares de diversi&oacute;n, de Museos, de Cines y Teatros, Arte y Historia. &iquest;Que saben del mundo, si no han visitado La Habana?</p>\r\n<p>&nbsp;</p>\r\n<h2 align="center">Informaciones sobre la Ciudad, y s&oacute;lo algunos de los tantos lugares para visitar</h2>\r\n<p align="center"><strong>&nbsp;</strong></p>\r\n<p>Fundada en el a&ntilde;o 1519 por Diego Vel&aacute;squez de Cuellar, con el nombre de Villa de San Crist&oacute;bal de La Habana.</p>\r\n<p>Patrimonio de la Humanidad, seg&uacute;n la Unesco.</p>\r\n<p>Habitantes,&nbsp; 2.140.000, en continuo aumento.</p>\r\n<p align="center"><strong>&nbsp;</strong></p>\r\n<p align="center"><strong>&nbsp;</strong></p>\r\n<p><strong>Habana Vieja,</strong>&nbsp;el centro hist&oacute;rico.</p>\r\n<p><strong>Plaza de Armas, Parque Central y Plaza de la Catedral,</strong>&nbsp;esplendidas arquitecturas coloniales en estilo barroco.</p>\r\n<p><strong>Barrio Chino</strong>, barrio chino, muy vivo, repleto de bares y restaurantes. Lindo.</p>\r\n<p><strong>Bodeguita del Medio e Floridita</strong>, bares muy frecuentados por visitantes de todo el mundo, igual que, por la noche, el piano bar del Hotel Ambos Mundos, conocidos como los refugios donde Ernest Hemingway se dedicaba a tragar &ldquo;daiquir&iacute;&rdquo;.</p>\r\n<p><strong>Castillo de la Real Fuerza e Castillo de los Tres Reyes del Morro,</strong>&nbsp;antiguas fortalezas a defensa de la Ciudad, a la &eacute;poca de los piratas.</p>\r\n<p><strong>Universidad de La Habana y Plaza de la Revoluci&oacute;n.</strong></p>\r\n<p><strong>Jard&iacute;n Zool&oacute;gico,</strong>&nbsp;animales con algunos problemas, como en todos los zool&oacute;gicos del mundo.</p>\r\n<p><strong>Casa de Las Am&eacute;ricas</strong>, Calle 3&nbsp; y G, Vedado, escritores y j&oacute;venes artistas cubanos.</p>\r\n<p><strong>Capitolio de La Habana,</strong>&nbsp;s&iacute;mbolo de la Ciudad, entrada permitida al p&uacute;blico.</p>\r\n<p><strong>Malec&oacute;n,</strong>&nbsp;para encontrarse y conversar. Siempre hay mucha gente, por la noche y por el d&iacute;a.</p>\r\n<p><strong>Puerto de La Habana,</strong>&nbsp;puerto antiguo y atractivo.</p>\r\n<p><strong>Parque Lenin,</strong>&nbsp;parque inmenso de 760 hect&aacute;reas, entretenimientos y restaurantes. Muchos ni&ntilde;os y escuelas en visita.</p>\r\n<table style="width: 87px;" border="1" cellspacing="0" cellpadding="0">\r\n<tbody>\r\n<tr>\r\n<td valign="top" width="87">&nbsp;</td>\r\n</tr>\r\n</tbody>\r\n</table>\r\n<p><strong>Marina Hemingway</strong>, a Santa Fe, al occidente de la Ciudad. Centro n&aacute;utico de primera grandeza, muy lindo, tranquilo y atractivo. (Quinta Avenida y despu&eacute;s siempre recto)</p>\r\n<p align="center"><strong>&nbsp;</strong><strong>&nbsp;</strong></p>\r\n<h2 align="center">Algunos de los museos</h2>\r\n<p align="center"><strong>&nbsp;</strong></p>\r\n<p><strong>Museo Nacional de Bellas Artes,</strong>&nbsp;9-17, &nbsp;Calle Trocadero, entre Agramonte e Av. Las Misiones, cerrado entre lunes y martes</p>\r\n<p><strong>Museo de la Ciudad de La Habana,</strong>&nbsp;desde martes a s&aacute;bado, 11-30-5p.m., domingo&nbsp; 9-12, Calle Tac&oacute;n, entre Obispo y O&rsquo;Reilly</p>\r\n<p><strong>Museo de Arte Colonial</strong>, desde martes&nbsp; a s&aacute;bado 9-17, domenica 9-1 p.m.,&nbsp;Calle San Ignacio n. 61, Plaza Catedral</p>\r\n<p><strong>Museo de Historia Natural</strong>, desde martes a s&aacute;bado, 10.15-5.45 p.m.,&nbsp;domingo 9.15-12.45, Paseo del Prado entre Dragones y San Mart&iacute;n</p>\r\n<p><strong>Museo de la Revoluci&oacute;n</strong>, da martes a s&aacute;bado, 13-6 p.m., domenica 9-13,&nbsp;Calle Refugio n.1, entre Monserrate y Zuluela</p>\r\n<p><strong>Museo de Artes Decorativas</strong>, da martes a s&aacute;bado, 11-6.30 p.m.,&nbsp;domingo&nbsp; 9-1 p.m., Calle 17 n. 502, entre D&nbsp; y&nbsp; E, Vedado</p>\r\n<p><strong>Museo Napole&oacute;nico</strong>, desde martes&nbsp; a viernes, 9-12/1-4 p.m., a&nbsp;s&aacute;bados alternados, Calle San Miguel esquina Calle Ronda, Vedado</p>\r\n<p><strong>Museo Archivo de la M&uacute;sica</strong>, desde martes a s&aacute;bado, 10-16 p.m. domingo 9-12,&nbsp;Calle C&aacute;rcel n. 1, entre Aguilar y Habana</p>\r\n<p><strong>Museo &Aacute;rabe,</strong>&nbsp;desde martes a s&aacute;bado, 2.30- 6 p.m./17-9.45 p.m., domingo 9-1 p.m.,&nbsp;Calle Oficios, entre Obispo y Obrapia</p>\r\n<p><strong>Casa del &Aacute;frica,</strong>&nbsp;desde martes a s&aacute;bado, 2.30-6.30 p.m. domingo 9-1 p.m.,&nbsp;Calle Obrap&iacute;a n. 157, entre Mercaderes y San Ignacio</p>\r\n<p><strong>Centro Wilfredo Lam</strong>, desde lunes a viernes, 8.30-4.30 p.m., a s&aacute;bados alternados, Calle Oficio y Acosta</p>\r\n<p>&nbsp;</p>\r\n<p align="center">&nbsp;</p>\r\n<h2 align="center">Por la noche, una gran elecci&oacute;n</h2>\r\n<p>&nbsp;</p>\r\n<p>&nbsp;</p>\r\n<p>No es f&aacute;cil&nbsp; enumerar los lugares nocturnos de diversi&oacute;n a la Habana, hay por todo lado, es suficiente mirar alrededor suyo, adem&aacute;s casi cada Hotel organiza su propio espect&aacute;culo. De toda forma, tiene aqu&iacute; algunas sugerencias.</p>\r\n<p>&nbsp;</p>\r\n<p><strong>Sal&oacute;n Rosado de la Tropical, Benny Mor&eacute;</strong>, poco se&ntilde;alado en los gu&iacute;as. M&uacute;sica y bailes de locura en un mundo extraordinario en tres niveles, que nosotros llamamos desde rato Infierno, Purgatorio y Para&iacute;so, el de arriba, el Para&iacute;so por supuesto, reservado a los pocos extranjeros aventureros.</p>\r\n<p>Nosotros preferimos el Infierno del primer piso, entra la perdida gente. Acostumbramos entrar por el Para&iacute;so, y de repente nos precipitamos al Infierno, dedic&aacute;ndonos al placer de demoniacos y desenfrenados bailes bajo el escenario, con el grupo al trabajo que canta y grita e que trastorna de m&uacute;sica y ritmo salvaje.</p>\r\n<p>Much&iacute;sima gente por el fin de semana, casi todos cubanos. Recientemente restaurado.</p>\r\n<p>Se&ntilde;oras y Se&ntilde;ores, ustedes son avisadas/os: este es el Pueblo, esta es la verdadera Cuba. Bueno, el Pueblo est&aacute; bien, pero hace falta de un poquito de</p>\r\n<p>Prudencia, la muchedumbre a veces es demasiada, y all&iacute; por cierto hay de todo.</p>\r\n<p>Avenida 41, entre 45 y 44, Playa.</p>\r\n<p><strong>&nbsp;</strong></p>\r\n<p><strong>Habana Caf&eacute;,</strong>&nbsp;m&uacute;sica, Paseo, entre 1 y 3.</p>\r\n<p><strong>Casa de la M&uacute;sica</strong>, m&uacute;sica y bailes, Avenida Italia, entre Concordia y Neptuno.</p>\r\n<p><strong>Cabaret Turquino,</strong>&nbsp;ultimo piso del Hotel Habana Libre, discoteca, si n o llueve abren el techo, Calle 23 y L.</p>\r\n<p><strong>Caf&eacute; Cantante</strong>, discoteca, entrada lateral del Teatro Nacional de Cuba, Paseo y Calle 39.</p>\r\n<p><strong>Jazz Caf&eacute;,&nbsp;</strong>Calle 1 y Paseo.</p>\r\n<p><strong>Cabaret Tropicana</strong>, cl&aacute;sico espect&aacute;culo de cabaret habanero, muy caro, Calle 72 y 43, Marianao, oeste de la Ciudad. Il&nbsp;<strong>Tropicana&nbsp;</strong>queda adentro de un parque bell&iacute;simo, abierto tambi&eacute;n por la tarde, hay un caf&eacute; restaurante.</p>\r\n<p>Piano Bar del<strong>&ldquo;1830&rdquo;,</strong>&nbsp;Malec&oacute;n e 22, torre antigua a orilla del mar.</p>\r\n<p>&nbsp;</p>\r\n<p>&nbsp;</p>\r\n<h2 align="center">Solo algunos de los muchos teatros.&nbsp;</h2>\r\n<p align="center"><strong>&nbsp;</strong></p>\r\n<p align="center"><strong>&nbsp;</strong></p>\r\n<p><strong>Gran Teatro de La Habana</strong>, Calle Prado, entre San Rafael y San Jos&eacute; famoso por el Ballet Nacional de Cuba. M&uacute;sica cl&aacute;sica y moderna.</p>\r\n<p><strong>Teatro Am&eacute;rica,</strong>&nbsp;Galliano esquina Concordia, conciertos.</p>\r\n<p><strong>Teatro Nacional de Cuba</strong>, Paseo y 39, m&uacute;sica popular cubana, solistas y humor. Laboratorio de teatro, m&aacute;s Caf&eacute; Cantante y Piano Bar.</p>\r\n<p><strong>Teatro Mella,&nbsp;</strong>L&iacute;nea n. 657, entre A y B, recitals y teatro, espect&aacute;culos de artistas cubanos y internacionales.</p>\r\n<p><strong>Teatro Amadeo Rold&aacute;n</strong>, Calzada, entre Calle D&nbsp; y&nbsp; E, orquestas sinf&oacute;nicas y recitals.</p>\r\n<p><strong>Teatro Karl Marx,</strong>&nbsp;Avenida Primera, entre Calles 8&nbsp; y&nbsp; 10, 5500 asientos, conciertos y &nbsp;espect&aacute;culos de grandes grupos cubanos y internacionales.</p>\r\n<p><strong>Basilica Menor de San Francisco de As&iacute;s</strong>, en la Plaza que lleva el mismo nombre, m&uacute;sica de camera y conciertos.</p>\r\n<p><strong>Teatro Bertold Brecht</strong>, Calle 13 y Primera, Vedado.</p>\r\n<p><strong>Teatro El S&oacute;tano</strong>, Calle K, entre Calles 25 y 27, Vedado, teatro moderno.</p>\r\n<p>&nbsp;</p>\r\n<p>&nbsp;</p>\r\n<p align="center">Sugerencias</p>\r\n<p>&nbsp;</p>\r\n<p>&nbsp;</p>\r\n<p>Si quieres saber m&aacute;s sobre La Habana, ponte en contacto con nosotros, <span style="text-decoration: underline;">dale clic aqu&iacute;</span></p>\r\n<p>Si quieres conocer nuestras ofertas, <span style="text-decoration: underline;">dale clic aqu&iacute;</span></p>', 1, 0, 8, '2012-10-25 13:17:53');
INSERT INTO `destinations` (`id`, `tipo`, `nombre`, `slug`, `subtitulo_ita`, `subtitulo_esp`, `descripcion_ita`, `descripcion_esp`, `activo`, `comment_count`, `destinationimg_count`, `created`) VALUES
(4, 'Cuba', 'Cienfuegos', '4_cienfuegos', '', '', '<p>La francese perch&eacute; fondata da coloni francesi, unica in questo in tutta Cuba, e il tracciato della Citt&aacute; lo conferma, ricorda parti della Parigi stile Haussmann, il barone&nbsp; che ridisegn&oacute;&nbsp; la Ville Lumi&egrave;re dopo la rivolta della Comune.</p>\r\n<p>Quindi, larghe avenidas e edifici neoclassici. Bellissima la Baia, con le spiagge.</p>\r\n<p>Citt&aacute; colta e interessante, molto pulita, in perenne ammirazione di poeti, scrittori e pittori in genere e di quelli, tanti, che la abitano e mi capita spesso di vedere&nbsp; gente di ogni et&aacute; seduta sulla soglia a leggere poesie e racconti, di autori cubani e non.</p>\r\n<p>Vaste librerie piene di libri di ogni genere a prezzi irrisori, e fate attenzione, in pesos nazionali, non nei convertibili CUC&nbsp;&nbsp;&nbsp; (1CUC=24 pesos nazionali)</p>\r\n<p>&nbsp;</p>\r\n<p>&nbsp;</p>\r\n<h2 align="center">Informazioni, e alcuni posti da vedere.</h2>\r\n<h2 align="center">&nbsp;</h2>\r\n<p align="center"><strong>&nbsp;</strong></p>\r\n<p>Fondata nel 1819 da coloni francesi.</p>\r\n<p>Il centro Storico &eacute; Patrimonio Culturale dell&rsquo;Umanit&aacute;, secondo l&rsquo;Unesco.</p>\r\n<p>Abitanti: 186.000</p>\r\n<p>&nbsp;</p>\r\n<p>&nbsp;</p>\r\n<p><strong>Giardino Botanico, Fortezza de Jagua, Parco Jos&eacute; Mart&iacute;, Teatro Tom&aacute;s Terry, Paseo del Prado, Club Na&uacute;tico, Catedral Nuestra Se&ntilde;ora de la Pur&iacute;sima Concepci&oacute;n, Museo Hist&oacute;rico, Delfinario.</strong></p>\r\n<p><strong>&nbsp;</strong></p>\r\n<p><strong>Valle Yaguaranabo,</strong> area paesaggistica protetta.</p>\r\n<p>&nbsp;</p>\r\n<p><strong>Necropoli Tom&aacute;s Acea.</strong></p>\r\n<p>&nbsp;</p>\r\n<p>Spiagge:&nbsp; <strong>Rancho Luna e El Ingl&egrave;s.</strong></p>\r\n<p>&nbsp;</p>\r\n<p><strong>Punta Gorda e Malec&oacute;n</strong>, dimore fantastiche sulla baia.</p>\r\n<p><strong>&nbsp;</strong></p>\r\n<p align="center"><strong>&nbsp;</strong></p>\r\n<p align="center"><strong>&nbsp;</strong></p>\r\n<p align="center"><strong>&nbsp;</strong></p>\r\n<p align="center"><strong>&nbsp;</strong></p>\r\n<p align="center"><strong>&nbsp;</strong></p>\r\n<h2 align="center">Divertirsi di notte</h2>\r\n<p>&nbsp;</p>\r\n<p><strong>&nbsp;</strong></p>\r\n<p><strong>&nbsp;</strong></p>\r\n<p><strong>&nbsp;</strong></p>\r\n<p><strong>Guanaroca, Hotel, Jagua,</strong> Calle 37 y 1, Punta Gorda, bell&rsquo;ambiente, molti stranieri, spettacolo e poi disco.</p>\r\n<p><strong>&nbsp;</strong></p>\r\n<p><strong>Artex,</strong> Calle 35, solo disco.</p>\r\n<p><strong>&nbsp;</strong></p>\r\n<p><strong>Club Benny Mor&eacute;,</strong> Ave. 54, entr 27 y 29, Benny era grande cantante e uomo di spettacolo cubano, per&oacute; qui non si acoltano canzoni sue, solo disco.</p>\r\n<p><strong>&nbsp;</strong></p>\r\n<p><strong>Plaza Palmira,</strong> musica all&rsquo;aria aperta.</p>\r\n<p><strong>&nbsp;</strong></p>\r\n<p><strong>Casa de la M&uacute;sica Benny Mor&eacute;</strong>, Calle 37 entre 4&nbsp; y&nbsp; 6, bell&rsquo; ambiente e musica fantastica,.</p>\r\n<p><strong>&nbsp;</strong></p>\r\n<p><strong>Cabaret TropiSur</strong>, anche questo all&rsquo;aria aperta, venerd&iacute;, sabato e domenica.</p>\r\n<p><strong>&nbsp;</strong></p>\r\n<p><strong>Casa de la Cultura Benjamin Duarte</strong>, Av. 54, eventi musicali dal vivo, danza, arti plastiche, in uno splendido edificio di inizio &lsquo;900 che presenta diversi stili architettonici.</p>\r\n<p>&nbsp;</p>\r\n<p align="center"><strong>&nbsp;</strong></p>\r\n<p align="center"><strong>&nbsp;</strong></p>\r\n<p align="center"><strong>&nbsp;</strong></p>\r\n<h2 align="center">Suggerimenti</h2>\r\n<p><strong>&nbsp;</strong></p>\r\n<p><strong>&nbsp;</strong></p>\r\n<p><strong>&nbsp;</strong></p>\r\n<p>Se vuoi sapere di pi&uacute; su Cienfuegos, mettiti in contatto con noi, clicca qui</p>\r\n<p>&nbsp;</p>\r\n<p>Se invece vuoi conoscere le n ostre offerte, clicca qui</p>\r\n<p align="center"><strong>&nbsp;</strong></p>\r\n<p align="center"><strong>&nbsp;</strong></p>\r\n<p>&nbsp;</p>', '<p>Apodada la Francesa, ya que fue fundada por colonos franceses, &uacute;nica en esto en toda Cuba, y lo confirma el trazado de la ciudad, ya que recuerda la Paris de Haussmann, el bar&oacute;n que redise&ntilde;&oacute; la Ciudad de la Luz despu&eacute;s de la rebeli&oacute;n de la Comuna.</p>\r\n<p>Cuenta con amplias avenidas y edificios neo-cl&aacute;sicos. A orilla de una hermosa bah&iacute;a, con playas.</p>\r\n<p>Ciudad educada y atractiva, muy limpia, en perenne admiraci&oacute;n de poetas, escritores y pintores. A menudo se ven a personas de todas las edades sentadas en el umbral de las casas, intentos a la lectura de poemas y cuentos, de autores cubanos o extranjeros.</p>\r\n<p>Vastas librer&iacute;as llenas de libros de todo tipo y a precios irrisorios, y presten atenci&oacute;n, en pesos nacionales, no CUC convertibles &nbsp;(pesos 1CUC = 24 nacionales)</p>\r\n<p align="center">&nbsp;</p>\r\n<h2 align="center">Informaciones, y algunos lugares para visitar</h2>\r\n<p align="center">&nbsp;</p>\r\n<p align="center"><strong>&nbsp;</strong></p>\r\n<p>Fundada en el a&ntilde;o 1819 por colonos franceses.</p>\r\n<p>El Centro Hist&oacute;rico ha sido declarado Patrimonio Cultural de la Humanidad por la Unesco &nbsp;.</p>\r\n<p>Habitantes: 186.000</p>\r\n<p>&nbsp;</p>\r\n<p>&nbsp;</p>\r\n<p><strong>Jard&iacute;n Bot&aacute;nico, Fortezza de Jagua, Parco Jos&eacute; Mart&iacute;, Teatro Tom&aacute;s Terry, Paseo del Prado, Club Na&uacute;tico, Catedral Nuestra Se&ntilde;ora de la Pur&iacute;sima Concepci&oacute;n, Museo Hist&oacute;rico, Delfinario.</strong></p>\r\n<p><strong>&nbsp;</strong></p>\r\n<p><strong>Valle Yaguaranabo,</strong>&nbsp;area protegida.</p>\r\n<p>&nbsp;</p>\r\n<p><strong>Necropolis Tom&aacute;s Acea.</strong></p>\r\n<p>&nbsp;</p>\r\n<p><strong>Playas:</strong>&nbsp;&nbsp;<strong>Rancho Luna e El Ingl&egrave;s.</strong></p>\r\n<p>&nbsp;</p>\r\n<p><strong>Punta Gorda e Malec&oacute;n</strong>, mansiones fant&aacute;sticas a orilla del mar.</p>\r\n<p><strong>&nbsp;</strong></p>\r\n<p align="center"><strong>&nbsp;</strong></p>\r\n<h2 align="center">Diversiones por la noche</h2>\r\n<p>&nbsp;</p>\r\n<p><strong>&nbsp;</strong></p>\r\n<p><strong>Guanaroca, Hotel Jagua,</strong>&nbsp;Calle 37 y 1, Punta Gorda, lindo lugar, muchos extranjeros, espect&aacute;culo y disco.</p>\r\n<p><strong>Artex,</strong>&nbsp;Calle 35, s&oacute;lo disco.</p>\r\n<p><strong>Club Benny Mor&eacute;,</strong>&nbsp;Ave. 54, entre 27 y 29, Benny era gran cantante e hombre de espect&aacute;culo de nivel mundial, pero aqu&iacute; no se escuchan sus canciones, solo disco.</p>\r\n<p><strong>Plaza Palmira,</strong>&nbsp;m&uacute;sica al aire libre.</p>\r\n<p><strong>Casa de la M&uacute;sica Benny Mor&eacute;</strong>, Calle 37 entre 4&nbsp; y&nbsp; 6, ambiente amistoso, entusiasmante, y m&uacute;sica fant&aacute;stica.</p>\r\n<p><strong>Cabaret TropiSur</strong>, esto tambi&eacute;n al aire libre, viernes, s&aacute;bado y domingo.</p>\r\n<p><strong>Casa de la Cultura Benjamin Duarte</strong>, Av. 54, eventos musicales en vivo, danza, artes pl&aacute;sticas, en una espl&eacute;ndida mansi&oacute;n del comienzo 1900,&nbsp; construida en distintos estilos arquitect&oacute;nicos.</p>\r\n<p>&nbsp;</p>\r\n<h2 align="center"><strong>&nbsp;</strong>Sugerencias</h2>\r\n<p>&nbsp;</p>\r\n<p>&nbsp;</p>\r\n<p>Si quieres saber m&aacute;s sobre Cienfuegos, ponte en contacto con nosotros, <span style="text-decoration: underline;">dale clic aqu&iacute;</span></p>\r\n<p>Si quieres conocer nuestras ofertas, <span style="text-decoration: underline;">dale clic aqu&iacute;</span></p>', 1, 0, 8, '2012-10-25 13:18:31'),
(5, 'Cuba', 'Camag&uuml;ey', '5_camaguey', '', '', '<p>Per andare in giro per la Citt&aacute; non vi baster&aacute; la cartina, ci vuole qualcuno che vi guidi. C&eacute; da perdersi nel fitto ordito di strade, piazze e parchi, nel labirinto sconcertante di stradine e strettissimi passaggi, creato apposta nel XVIII secolo per mandare in confusione totale pirati, manigoldi e assaltanti di ogni specie.</p>\r\n<p>Il pi&uacute; stretto dei passaggi-strada, il Funda de Catre Alley, lungo un&rsquo;ottantina di metri, non ne misura pi&uacute; di due di larghezza, figuriamoci, vero tunnel, bisognerebbe metterci il cartello, vietato ai claustrofobi.</p>\r\n<p>Citt&aacute; magnifica d&rsquo;architettura coloniale, chiese e piazze di gran valore, e la gente &eacute; molto attratta da arti e cultura, cosa d&rsquo;altronde vera in tutta Cuba, in alcuni luoghi pi&uacute; che in altri.</p>\r\n<p>&nbsp;</p>\r\n<p>&nbsp;</p>\r\n<p>&nbsp;</p>\r\n<h2 align="center">Informazioni e alcuni luoghi da conoscere</h2>\r\n<p align="center"><strong>&nbsp;</strong></p>\r\n<p align="center"><strong>&nbsp;</strong></p>\r\n<p>Fondata nel 1514. Abitanti 326.000.</p>\r\n<p>&nbsp;</p>\r\n<p><strong>Teatro Principal,</strong> ospita il Ballet de Camag&uuml;ey, conosciuto internazionalemente, e l&rsquo;Orquestra Sinf&oacute;nica. Speriamo che siate in Citt&aacute; quando il programma lo prevede.</p>\r\n<p>&nbsp;</p>\r\n<p><strong>Casa Amalia Simoni</strong>, arti decorative e mobilia del XIX secolo.</p>\r\n<p>&nbsp;</p>\r\n<p><strong>Museo Ignacio Agramonte</strong>, Historia&nbsp; e Artes Decorativas.</p>\r\n<p>&nbsp;</p>\r\n<p><strong>Teatro Cubano de M&aacute;gia</strong>, il nome dice tutto.</p>\r\n<p>&nbsp;</p>\r\n<p><strong>Casas de la Cultura</strong>, 15 sedi!</p>\r\n<p>&nbsp;</p>\r\n<p><strong>Gui&ntilde;ol de Camag&uuml;ey</strong>, spettacolo di marionette per bambini.</p>\r\n<p>&nbsp;</p>\r\n<p>&nbsp;</p>\r\n<p>&nbsp;</p>\r\n<p align="center"><strong>&nbsp;</strong></p>\r\n<p align="center"><strong>&nbsp;</strong></p>\r\n<h2 align="center">Divertirsi di notte</h2>\r\n<p align="center"><strong>&nbsp;</strong></p>\r\n<p><strong>&nbsp;</strong></p>\r\n<p><strong>&nbsp;</strong></p>\r\n<p><strong>Club Flamingo</strong>, Independencia n. 208, entre Mart&iacute; y Hermanos Ag&uuml;iero, musica e danza fino all&rsquo;alba, grande ambiente notturno.</p>\r\n<p><strong>Caf&eacute; del Hotel Col&oacute;n,</strong> Calle Rep&uacute;blica 472, patio interno, restaurato recentemente in modo splendido, pochi stranieri.</p>\r\n<p><strong>Disco Impacto,</strong> Calle Rep&uacute;blica entre San Esteban y Correa, disco molto affollata, quasi tutti cubani.</p>\r\n<p><strong>Caf&eacute; Hotel Plaza</strong>, Van Horne n.1, entre Rep&uacute;blica y Avellaneda, bel posto e molto buona la musica.</p>\r\n<p><strong>Casa de la Trova,</strong> Salvador Cisneros n. 171, entre Jos&eacute; Mart&iacute; y Cristo. Musica tradizionale cubana, buoni gruppi musicali e molta gente. Tutto bene, per&oacute; bevande e cibo un po&acute;meno.</p>\r\n<p><strong>El Cambio</strong>, Plaza de Agramonte y Calle Martin 152, buone bevande, e il bello &eacute; che non chiude mai.</p>\r\n<p>&nbsp;</p>\r\n<p>&nbsp;</p>\r\n<h2 style="text-align: center;">Suggerimenti</h2>\r\n<p><strong>&nbsp;</strong></p>\r\n<p><strong>&nbsp;</strong></p>\r\n<p><strong>&nbsp;</strong></p>\r\n<p>Se vuoi sapere di pi&uacute; su Camag&uuml;ey, mettiti in contatto con noi, clicca qui</p>\r\n<p>&nbsp;</p>\r\n<p>Se invece vuoi conoscere le nostre offerte, clicca qui</p>\r\n<p>&nbsp;</p>\r\n<p>&nbsp;</p>\r\n<p>&nbsp;</p>', '<p>Para dar vueltas a la ciudad no ser&aacute; suficiente el mapa, necesitar&aacute;n el gu&iacute;a. Pueden perderse en la densa red de calles, plazas y parques, en el desconcertante laberinto de callejuelas y pasajes estrechos, especialmente creadas en el siglo XVIII, para confundir a piratas, villanos y asaltantes de toda especie.</p>\r\n<p>El m&aacute;s estrecho pasaje, la Funda de Catre Alley, ochenta metros de largo, no mide m&aacute;s de dos de ancho. Verdadero t&uacute;nel, hay que poner el letrero: "prohibido a claustrof&oacute;bicos".</p>\r\n<p>Magn&iacute;fica Ciudad de arquitectura colonial, iglesias y plazas de gran valor, y &nbsp;gente muy atra&iacute;da por Artes y &nbsp;Cultura, por otra parte aspecto verdadero en toda Cuba, en algunos lugares m&aacute;s que en otros.</p>\r\n<h2 style="text-align: center;">&nbsp;Informaci&oacute;n y algunos lugares para conocer</h2>\r\n<p>Fundada en el a&ntilde;o 1514. Habitantes&nbsp; 326.000</p>\r\n<p><strong>&nbsp;</strong></p>\r\n<p><strong>Teatro Principal,</strong> &nbsp;donde act&uacute;a el Ballet de Camag&uuml;ey, conocido en el mundo entero, y hospeda la Orquestra Sinf&oacute;nica.</p>\r\n<p><strong>Museo Ignacio Agramonte</strong>, Historia &nbsp;y Artes Decorativas.</p>\r\n<p><strong>Teatro Cubano de M&aacute;gia</strong>, el nombre lo dice todo.</p>\r\n<p><strong>Casas de la Cultura</strong>, 15 sedes</p>\r\n<p><strong>Gui&ntilde;ol de Camag&uuml;ey</strong>, espect&aacute;culos de mu&ntilde;equitos para ni&ntilde;os.</p>\r\n<p>&nbsp;</p>\r\n<p>&nbsp;</p>\r\n<p>&nbsp;</p>\r\n<p align="center"><strong>&nbsp;</strong>Diversiones en la noche&nbsp;</p>\r\n<p><strong>&nbsp;</strong></p>\r\n<p><strong>&nbsp;</strong></p>\r\n<p><strong>Club Flamingo</strong>, Independencia n. 208, entre Mart&iacute; y Hermanos Ag&uuml;iero, musica y danza fina al amanecer, grande ambiente nocturno.</p>\r\n<p><strong>Caf&eacute; del Hotel Col&oacute;n,</strong>&nbsp;Calle Rep&uacute;blica 472, patio interior, recientemente remodelado de forma esplendida, no muchos extranjeros.</p>\r\n<p><strong>Disco Impacto,</strong>&nbsp;Calle Rep&uacute;blica entre San Esteban y Correa, disco muy concurrida, casi todos cubanos.</p>\r\n<p><strong>Caf&eacute; Hotel Plaza</strong>, Van Horne n.1, entre Rep&uacute;blica y Avellaneda, lindo lugar, y buen&iacute;sima m&uacute;sica .</p>\r\n<p><strong>Casa de la Trova,</strong>&nbsp;Salvador Cisneros n. 171, entre Jos&eacute; Mart&iacute; y Cristo. M&uacute;sica tradicional cubana, mucha gente y buenos grupos musicales. Todo esta bien, pero bebidas y comidas no tanto.</p>\r\n<p><strong>El Cambio</strong>, Plaza de Agramonte y Calle Martin 152, buenas bebidas, y lo lindo es que no cierra nunca.</p>\r\n<p>&nbsp;</p>\r\n<p>&nbsp;</p>\r\n<p align="center">Sugerencias</p>\r\n<p><strong>&nbsp;</strong></p>\r\n<p><strong>&nbsp;</strong></p>\r\n<p>Si quieres saber m&aacute;s sobre Camag&uuml;ey, ponte en contacto con nosotros, <span style="text-decoration: underline;">dale clic aqui</span></p>\r\n<p>Si quieres conocer nuestras ofertas, <span style="text-decoration: underline;">dale clic aqui</span></p>', 1, 0, 6, '2012-10-25 13:18:54'),
(6, 'Cuba', 'Bayamo', '6_bayamo', '', '', '<p>E&acute; la Citt&aacute; della storia di Cuba, anzi della Storia di Cuba, e Capitale della Repubblica &ldquo;in armi&rdquo;, cio&eacute; durante le guerre per l&rsquo;indipendenza dalla Spagna.</p>\r\n<p>Centro di smistamento degli schiavi nei secoli della colonizzazione, poi luogo d&rsquo;inizio e d&rsquo;ispirazione delle guerre d&rsquo;indipendenza, contesa, saccheggiata pi&uacute; d&rsquo;una volta, e poi bruciata dagli stessi abitanti, che la preferirono distrutta che in mano all&rsquo;esercito spagnolo.</p>\r\n<p>Luogo di nascita della &ldquo;cubanit&aacute;&rdquo;, della cultura afro-cubana&nbsp; e della Rivoluzione.</p>\r\n<p>Insomma, passato glorioso e molto movimentato.</p>\r\n<p>Oggi &eacute; Citt&aacute; di grandi tradizioni culturali e artistiche.</p>\r\n<p>Andare in giro per le sue strade sul &ldquo;coche&rdquo;, carretto trainato da cavalli, &eacute; davvero il massimo, e per di pi&uacute; molto economico</p>\r\n<p>&nbsp;</p>\r\n<h2 align="center">Informazioni a alcuni luoghi da vedere</h2>\r\n<h2 align="center"><strong>&nbsp;</strong></h2>\r\n<p>Fondata nel 1513 dal solito Diego Velasquez, con il nome di San Salvador de Bayamo.</p>\r\n<p>Abitanti:&nbsp; 130.000</p>\r\n<p>&nbsp;</p>\r\n<p><strong>Museo delle Cere</strong></p>\r\n<p><strong>&nbsp;</strong></p>\r\n<p><strong>Casa Natale di Carlos Manuel de C&eacute;spedes</strong>, Padre della Nazione.</p>\r\n<p>Calle Francisco Maceo n. 57</p>\r\n<p>&nbsp;</p>\r\n<p><strong>Plaza del Himno,</strong> cos&iacute; chiamata dopo che la &ldquo;Bayamesa&rdquo; &eacute; diventata Inno Nazionale.</p>\r\n<p><strong>Museo Provincial,</strong> contiene documenti importanti per la storia di Cuba, per la formazione di nazionalit&aacute; e coscienza cubane.</p>\r\n<p><strong>Parque C&eacute;spedes.</strong></p>\r\n<p><strong>&nbsp;</strong></p>\r\n<p>&nbsp;</p>\r\n<p>&nbsp;</p>\r\n<p>&nbsp;</p>\r\n<h2 align="center">Divertirsi di notte</h2>\r\n<p align="center"><strong>&nbsp;</strong></p>\r\n<p>&nbsp;</p>\r\n<p>Non c&rsquo;&eacute; gran che, comunque questo &eacute; ci&oacute; che si pu&oacute; dire.</p>\r\n<p><strong>&nbsp;</strong></p>\r\n<p><strong>Cabaret Bimbo</strong>, Parque Granma.</p>\r\n<p>&nbsp;</p>\r\n<p><strong>La Esquina,</strong> &eacute; una cosa strana, uno entra e pensa d&rsquo;aver sbagliato indirizzo. Poi per&oacute; la gente arriva e allora si trasforma.</p>\r\n<p>&nbsp;</p>\r\n<p><strong>Cuco bar, </strong>molta gente.</p>\r\n<p>&nbsp;</p>\r\n<p><strong>A Bayamo en coche</strong>, rilassato e simpatico.</p>\r\n<p>&nbsp;</p>\r\n<p><strong>La Bayamesa,</strong> discoteca dell&rsquo;Hotel Sierra Maestra.</p>\r\n<p>&nbsp;</p>\r\n<p><strong>La Barbacoa,</strong> cabaret dell&rsquo;Hotel El Yarey.</p>\r\n<p>&nbsp;</p>\r\n<p><strong>Caf&eacute; dell&rsquo;Hotel Royalt&oacute;n.</strong></p>\r\n<p align="center"><strong>&nbsp;</strong></p>\r\n<p align="center"><strong>&nbsp;</strong></p>', '<p>Bayamo es la Ciudad hist&oacute;rica de Cuba, de hecho representa la Historia de Cuba, y Capital de la Rep&uacute;blica "en armas", es decir, durante las guerras de independencia de Espa&ntilde;a.</p>\r\n<p>Centro de comercio de esclavos en los siglos de la colonizaci&oacute;n, despu&eacute;s lugar de comienzo y inspiraci&oacute;n de las guerras de independencia, disputada, saqueada m&aacute;s de una vez, y por fin quemada por los mismos habitantes, quienes la prefirieron destruida antes que conquistada por el ej&eacute;rcito espa&ntilde;ol.</p>\r\n<p>Lugar de nacimiento de la "Cubanitad", de la Cultura afro-cubana y de la Revoluci&oacute;n.</p>\r\n<p>En resumen, pasado glorioso.&nbsp;Hoy en d&iacute;a, es Ciudad muy animada y de grandes tradiciones culturales y art&iacute;sticas.</p>\r\n<p>Irse por las calles en el "coche", carro remolcado por caballos, es realmente lo m&aacute;s divertido del mundo, y muy barato adem&aacute;s.</p>\r\n<p>&nbsp;</p>\r\n<h2>Diversi&oacute;n en la noche</h2>\r\n<p>&nbsp;</p>\r\n<p>&nbsp;</p>\r\n<p>No es mucho, sin embargo esto es lo que uno puede decir.</p>\r\n<p>&nbsp;</p>\r\n<p><strong>Cabaret Bimbo, Parque Granma</strong>.</p>\r\n<p>&nbsp;</p>\r\n<p><strong>La Esquina</strong>, es una cosa extra&ntilde;a, uno entra y piensa que tiene la direcci&oacute;n equivocada. Pero entonces la gente viene y luego se vuelve.</p>\r\n<p>&nbsp;</p>\r\n<p><strong>Cuco bar</strong>, un mont&oacute;n de gente.</p>\r\n<p>&nbsp;</p>\r\n<p><strong>A Bayamo en coche</strong>, relajado y amistoso.</p>\r\n<p>&nbsp;</p>\r\n<p><strong>La Bayamesa</strong>, discoteca del hotel Sierra Maestra.</p>\r\n<p>&nbsp;</p>\r\n<p><strong>La Barbacoa,</strong> cabaret Hotel El Yarey.</p>\r\n<p>&nbsp;</p>\r\n<p><strong>Royalton Hotel Caf&eacute;.</strong></p>\r\n<p>&nbsp;</p>\r\n<p>&nbsp;</p>', 1, 0, 6, '2012-10-25 13:19:12'),
(17, 'Cuba', 'Baracoa', '17_baracoa', '', '', '<p>Questo &eacute; il luogo dove tocc&oacute; terra per la prima volta a Cuba quello che in seguito verr&aacute; chiamato &ldquo;Grande Ammiraglio&nbsp; del Mar Oceano e Vicer&eacute; delle Indie&rdquo;, Cristoforo Colombo, in quel fatale anno domini 1492.</p>\r\n<p>Distrutta completamente da pirati francesi nel &lsquo;600.</p>\r\n<p>Arrivarci via terra non &eacute; del tutto agevole, Baracoa &eacute; isolata.&nbsp;Per&oacute;, una volta sul posto, non ci si pu&oacute; proprio pentire del viaggio.</p>\r\n<p>Costruita fra la prima e la seconda terrazza marina, Baracoa&nbsp; &eacute; su una baia fra le pi&uacute; belle, circondata da fiumi e da foreste tropicali piene di fauna impressionante e, pi&uacute; a est, non lontana da qualcosa che assomiglia a un quasi-deserto.</p>\r\n<p>A profusione, piante di noci di cocco e di cacao, e quindi cioccolato. Molto caff&eacute;, del migliore.</p>\r\n<p>Questa &eacute; la terra di Hatuey, l&rsquo;indio che si ribell&oacute; alla conquista, e fece ammattire gli spagnoli con astute tattiche di guerriglia. Alla fine, fatto prigioniero e barbaramente eliminato. Fray Bartolom&eacute; de La Casa, un religioso un po&rsquo; pi&uacute; umano degli altri, racconta che, poco prima di morire, gli venne mostrata una croce, chiedendogli se volesse andare in Paradiso. Hatuey fece a sua volta una domanda, e volle sapere se questo famoso Paradiso fosse il luogo dove sarebbero andati gli spagnoli: a risposta affermativa, dichiar&oacute; che in quel caso preferiva l&rsquo;Inferno. Vedi monumento al grande Hatuey alla stazione d&rsquo;autobus.</p>\r\n<p>&nbsp;</p>\r\n<h2 style="text-align: center;">Informazioni sulla Citt&aacute;, e posti da vedere</h2>\r\n<p>Fondata nel 1512. Abitanti, 84.000.</p>\r\n<p>&nbsp;</p>\r\n<p><strong>La Cattedrale</strong>,&nbsp;<span style="color: #000000;">punto centrale della Citt&aacute;.</span></p>\r\n<p><strong>Museo Municipal</strong>, <strong>Fuerte Matach&iacute;n.</strong></p>\r\n<p><strong>Spiagge</strong>: <span style="color: #000000;">Maguana, molti turisti. Nibuj&oacute;n, quasi tutti cubani. Manglito.</span></p>\r\n<p><strong>Riserva Biosfera Cuchillos del Toa,</strong> <span style="color: #000000;">foresta tropicale, abitata da molte specie di animali. Ci vuole la guida, ovviamente.</span></p>\r\n<p><strong>Malec&oacute;n,</strong> <span style="color: #000000;">lungomare piacevole e tranquillissimo sulla splendida baia.</span></p>\r\n<p><strong>Casa del Chocolate.</strong></p>\r\n<p>&nbsp;</p>\r\n<p>&nbsp;</p>\r\n<h2 style="text-align: center;">Dove divertirsi di notte</h2>\r\n<p><strong>&nbsp;</strong></p>\r\n<p><strong>Casa de la Trova,</strong><span style="color: #000000;"> Maceo 149, gruppi di musica tradizionale. Piccolina e c&rsquo;&eacute; sempre un sacco di gente, per&oacute; secondo me &eacute; una delle migliori di Cuba.</span></p>\r\n<p><strong>Noche de Praga</strong>, <span style="color: #000000;">Maceo 141, discoteca.</span></p>\r\n<p><strong>Caf&eacute; El Patio,</strong> <span style="color: #000000;">Maceo 120, "son" cubano.</span></p>\r\n<p><strong>Casa de la Cultura</strong>, <span style="color: #000000;">Maceo 124.</span></p>\r\n<p><strong>Calle Maceo</strong>, <span style="color: #000000;">come divertirsi per strada, e si pu&oacute; anche mangiare e bere qualcosa.</span></p>\r\n<p><span style="color: #000000;">&nbsp;</span></p>\r\n<p><span style="color: #000000;"> Insomma, quasi tutto sta l&iacute; attorno alla Cattedrale.</span></p>\r\n<p>&nbsp;</p>\r\n<p><span style="color: #000000;">E come se tutto ci&oacute; non bastasse, Baracoa &eacute; importante</span> <strong>sito archeologico</strong> <span style="color: #000000;">di culture pre-colombine.</span></p>\r\n<p>&nbsp;</p>\r\n<p>&nbsp;</p>\r\n<h2 style="text-align: center;">Suggerimenti</h2>\r\n<h3><span><strong>&nbsp;</strong></span></h3>\r\n<p><span>Se vuoi sapere di pi&uacute; su Baracoa, mettiti in contatto direttamente con noi, clicca qui</span></p>\r\n<p><span>Se invece vuoi conoscere le nostre offerte, clicca qui</span></p>\r\n<h3><span><strong>&nbsp;</strong></span></h3>\r\n<p>&nbsp;</p>\r\n<p>&nbsp;</p>\r\n<p>&nbsp;</p>\r\n<p>&nbsp;</p>\r\n<p>&nbsp;</p>', '<p>Este es el lugar donde desembarc&oacute; por primera vez en Cuba, el que m&aacute;s tarde ser&iacute;a llamado el "Gran Almirante de la Mar Oc&eacute;ano y Virrey de las Indias," Christopher Columbus, en ese fat&iacute;dico a&ntilde;o domini 1492.</p>\r\n<p>Totalmente destruida por piratas franceses en ''600.</p>\r\n<p>Llegar por tierra no es tarea f&aacute;cil, Baracoa esta aislada. Pero, una vez en el lugar, realmente no se puede arrepentirse del viaje.</p>\r\n<p>Construida entre primera y segunda terraza marina, Baracoa se encuentra a la orilla de una bah&iacute;a de la m&aacute;s bellas, rodeada de r&iacute;os y bosques tropicales llenos de vida silvestre impresionante y, m&aacute;s al este, no muy lejos de algo que parece un casi-desierto.</p>\r\n<p>Una profusi&oacute;n de plantas de coco y cacao, y por lo tanto chocolate. Mucho caf&eacute;, y de gran calidad.</p>\r\n<p>Esta es la tierra de Hatuey, el indio que se rebel&oacute; en contra de la conquista, y puso locos a los espa&ntilde;oles con t&aacute;cticas inteligentes de guerrilla. Al final, encarcelado y brutalmente eliminado. Fray Bartolom&eacute; de La Casa, un cl&eacute;rigo un poco m&aacute;s humanos que otros, dice que poco antes de su muerte, se le mostr&oacute; una cruz, y se le pregunt&oacute; si quer&iacute;a ir al Para&iacute;so. Hatuey puso a su vez una pregunta: quiso saber si este famoso Para&iacute;so ser&iacute;a el lugar donde ir&iacute;an los espa&ntilde;oles. &nbsp;Recibida contesta afirmativa, declar&oacute; que en aquel caso prefer&iacute;a el Infierno. Ver monumento al gran Hatuey a la estaci&oacute;n de autobuses.</p>\r\n<p>&nbsp;</p>\r\n<h2 style="text-align: center;">Informaci&oacute;n sobre la Ciudad, y lugares para ver</h2>\r\n<p>&nbsp;</p>\r\n<p>&nbsp;</p>\r\n<p>&nbsp;</p>\r\n<p>Fundada en 1512. Poblaci&oacute;n, 84.000.</p>\r\n<p>&nbsp;</p>\r\n<p><strong>La Catedral</strong>, el punto central de la ciudad.</p>\r\n<p><strong>Museo Municipal,</strong> <strong>Fuerte Matach&iacute;n.</strong></p>\r\n<p><strong>Playas</strong>: Maguana, muchos turistas. Nibuj&oacute;n, casi todos cubanos. Manglito.</p>\r\n<p><strong>Cuchillos del Toa Reserva de la Biosfera</strong>, bosque tropical, habitada por muchas especies de animales. El gu&iacute;a es necesario, por supuesto.</p>\r\n<p><strong>Malec&oacute;n</strong> paseo mar&iacute;timo agradable y muy tranquilo en spledida bah&iacute;a.</p>\r\n<p><strong>Casa del Chocolate.</strong></p>\r\n<p>&nbsp;</p>\r\n<p>&nbsp;</p>\r\n<h2 style="text-align: center;">Donde divertirse por la noche&nbsp;</h2>\r\n<p>&nbsp;</p>\r\n<p>&nbsp;</p>\r\n<p><strong>Casa de la Trova</strong>, Maceo 149, grupos de m&uacute;sica tradicional. Muy peque&ntilde;a, y siempre hay un mont&oacute;n de gente, pero es una de los mejores de Cuba</p>\r\n<p><strong>Noche de Praga</strong>, Maceo 141, discoteca.</p>\r\n<p><strong>Caf&eacute; El Patio,</strong> 120 Maceo, "son" cubano.</p>\r\n<p><strong>Casa de la Cultura</strong>, Maceo 124.</p>\r\n<p><strong>Calle Maceo</strong>, como divertirse en la calle, y tambi&eacute;n se puede comer y beber algo.</p>\r\n<p>&nbsp;</p>\r\n<p>En resumen, casi todo est&aacute; all&iacute; alrededor de la <strong>Catedral.</strong></p>\r\n<p>&nbsp;</p>\r\n<p>Y como si todo esto fuera poco, Baracoa es importante <strong>sitio arqueol&oacute;gico</strong> de culturas pre-colombinas.</p>\r\n<p>&nbsp;</p>\r\n<h2 style="text-align: center;">Sugerencias</h2>\r\n<p>&nbsp;</p>\r\n<p>Si quieres saber m&aacute;s sobre Baracoa, ponte en contacto con nosotros directamente, <span style="color: #6666ff;">haga clic aqu&iacute;</span></p>\r\n<p>Si quieres conocer nuestras ofertas especiales, <span style="color: #6666ff;">haga clic aqu&iacute;</span></p>', 1, 0, 7, '2012-10-26 13:19:28'),
(9, 'Yucatan', 'Cob&aacute; - Tulum', '9_coba---tulum', '<p>Antiche Citt&aacute; di Cob&aacute; e Tulum, Oceano e spiaggia</p>', '<p>Antigua ciudad de Cob&aacute; y Tulum, mar y playa</p>', '<p>Visita guidata, nelle ore dalle 9 alle 16.</p>\r\n<p>Visita di Cob&aacute;, Citt&aacute;&nbsp; Maya con il tempio pi&uacute;&nbsp;alto di tutta la Mesoamerica. La Citt&aacute;&nbsp; si trova all&rsquo;interno di un vasto parco. Per percorrerlo, si possono usare biciclette o bici-taxi.</p>\r\n<p>Trasferta poi a Tulum, antica Citt&aacute;&nbsp;portuale Maya sulla costa caraibica orientale.</p>\r\n<p>Distanze: Ek Balam-Cob&aacute;: km 140, Cob&aacute;-Tulum 45, ambedue gli spostamenti in direzione Sud-Est.</p>\r\n<p>Cena e pernottamento al Villaggio&nbsp;</p>\r\n<p>&nbsp;</p>\r\n<p>Quota individuale di partecipazione:&nbsp;</p>\r\n<p>n. 2 persone&nbsp; Euro&nbsp; 121 / per persona</p>\r\n<p>n. 3 persone&nbsp; Euro&nbsp;&nbsp;&nbsp;&nbsp;94 / per persona</p>\r\n<p>n. 4 persone&nbsp; Euro&nbsp;&nbsp;&nbsp;&nbsp;80 / per persona</p>\r\n<p>n. 5 persone&nbsp; Euro&nbsp;&nbsp;&nbsp;&nbsp;72 / per persona&nbsp;</p>', '<p>Visita guiada, en las horas de 9 a 16.</p>\r\n<p>Visita de Coba, Ciudad Maya con el templo m&aacute;s alto en toda Mesoam&eacute;rica. La Ciudad est&aacute; situada dentro un gran parque. Para seguir visitando, se puede utilizar bicicletas o bici-taxi.</p>\r\n<p>A continuaci&oacute;n, traslado a Tulum, Ciudad Maya y antiguo puerto en el este del Caribe costa. Grande y lind&iacute;sima playa.</p>\r\n<p>Distancias: Ek Balam-Cob&aacute;: 140 km, Coba, Tulum 45, ambos en direcci&oacute;n &nbsp;Sur-Este.</p>\r\n<p>Cena y alojamiento en la Villa</p>\r\n<p>&nbsp;</p>\r\n<p><strong>Precios por persona: Cambio divisas: &nbsp; Euro 1 = USD 1.26</strong></p>\r\n<p>n. 2 personas &nbsp; &nbsp; &nbsp;USD &nbsp; 150 &nbsp; &nbsp; &nbsp;Euro&nbsp; 121 &nbsp; &nbsp; per persona</p>\r\n<p>n. 3 personas &nbsp; &nbsp; &nbsp;USD &nbsp; 118 &nbsp; &nbsp; &nbsp;Euro&nbsp;&nbsp;&nbsp;&nbsp;94 &nbsp; &nbsp; per persona</p>\r\n<p>n. 4 personas &nbsp; &nbsp; &nbsp;USD &nbsp; 100 &nbsp; &nbsp; &nbsp;Euro&nbsp;&nbsp;&nbsp;&nbsp;80 &nbsp; &nbsp; per persona</p>\r\n<p>n. 5 personas &nbsp; &nbsp; &nbsp;USD &nbsp; &nbsp; 90 &nbsp; &nbsp; &nbsp;Euro&nbsp;&nbsp;&nbsp;&nbsp;72 &nbsp; &nbsp; per persona&nbsp;</p>', 1, 0, 6, '2012-10-25 13:48:48'),
(10, 'Yucatan', 'M&eacute;rida', '10_merida', '<p>Citt&aacute;&nbsp; di M&eacute;rida</p>', '<p>Ciudad de M&eacute;rida</p>', '<p>M&eacute;rida &eacute;&nbsp;la Capitale dello Stato di Yucat&aacute;n. Visita guidata al Museo di Antropologia e Storia, visita al centro storico e alle botteghe di artigianato e alla Casa della Cultura.</p>\r\n<p>Distanza Ek Balam-M&eacute;rida: km 170, in direzione Ovest.</p>\r\n<p>Cena e pernottamento al Villaggio.&nbsp;</p>\r\n<p>&nbsp;</p>\r\n<p>Quota individuale di partecipazione:&nbsp;</p>\r\n<p>n. 2 persone&nbsp; Euro 111 / per persona</p>\r\n<p>n. 3 persone&nbsp; Euro&nbsp;&nbsp;&nbsp;84 / per persona</p>\r\n<p>n. 4 persone&nbsp; Euro&nbsp;&nbsp; 70&nbsp;/ per persona</p>\r\n<p>n. 5 persone&nbsp; Euro&nbsp;&nbsp; 86&nbsp;/ per persona&nbsp;</p>\r\n<p>Guida lingua Inglese, Italiano, Francese , Tedesco&nbsp; Euro 70</p>', '<p>M&eacute;rida es la Capital del Estado de Yucat&aacute;n. Visita guiada al Museo de Antropolog&iacute;a e Historia, visitar el Centro hist&oacute;rico, a las &nbsp;boutiques y a la Casa de la Cultura.</p>\r\n<p>Distancia Ek-Balam Merida km 170, en direcci&oacute;n Oeste.</p>\r\n<p>Cena y alojamiento en el Pueblo.</p>\r\n<p>&nbsp;</p>\r\n<p><strong>Precios por persona: Cambio divisas: Euro 1 = USD &nbsp;1,26</strong></p>\r\n<p>n. 2 personas &nbsp; &nbsp;USD &nbsp; 139 &nbsp; &nbsp; &nbsp; &nbsp;Euros 111 &nbsp; &nbsp; &nbsp;por persona</p>\r\n<p>n. 3 personas &nbsp; &nbsp;USD &nbsp; 105 &nbsp; &nbsp; &nbsp; &nbsp;Euros &nbsp; 84 &nbsp; &nbsp; &nbsp;por persona</p>\r\n<p>n. 4 personas &nbsp; &nbsp;USD &nbsp; &nbsp; 88 &nbsp; &nbsp; &nbsp; &nbsp;Euros &nbsp; 70 &nbsp; &nbsp; &nbsp;por persona</p>\r\n<p>n. 5 personas &nbsp; &nbsp;USD &nbsp; 108 &nbsp; &nbsp; &nbsp; &nbsp;Euros &nbsp; 86 &nbsp; &nbsp; &nbsp;por persona</p>\r\n<p>Gu&iacute;a Ingl&eacute;s, Italiano, Franc&eacute;s, Alem&aacute;n: &nbsp; &nbsp; USD &nbsp;88 &nbsp; &nbsp;Euro 70</p>', 1, 0, 6, '2012-10-25 13:49:10'),
(11, 'Yucatan', 'Solferino', '11_solferino', '<p>Comunit&aacute;&nbsp; indigena di Solferino</p>', '<p>Comunidad ind&iacute;gena de Solferino</p>', '<p>Al mattino, partenza per la visita a Solferino e alla regione dello Yum Balam (Giaguaro Padre) tra paesaggi di savana quasi africana, frequentati da un gran numero di uccelli acquatici, anfibi di ogni genere. Orchidee e bromelie ovunque.</p>\r\n<p>Il programma prevede l&rsquo;attraversamento della foresta fino all&rsquo;Humedal. Da qui, remando in kayak, il visitatore percorre la zona girando attrono a possenti alberi dalle mille radici che escono dall&rsquo;acqua, carichi di uccelli acquatici.</p>\r\n<p>Al ritorno, si sale sui &ldquo;miradores&rdquo;, alte torri di avvistamento.</p>\r\n<p>&Eacute; perfino possibile il &ldquo;cannopy&rdquo;, cio&eacute; passare da un &ldquo;mirador&rdquo; all&rsquo;altro, scivolando appesi a funi sopra la foresta. Il tutto ovviamente con l&rsquo;assistenza della guida, e in tutta sicurezza.</p>\r\n<p>Per finire, visita al Giardino Botanico, al laboratorio delle Erbe e alla <span style="text-decoration: underline;"><strong><a href="../../../noticias/6_tienda-di-prodotti-e-essenze-naturali--villaggio-di-solferino-stato-di-quintana-roo">Tienda di prodotti naturali</a>.</strong></span></p>\r\n<p>Orario delle visite: dalle 9 del mattino alle 17-18. Da Ek Balam a Solferino: km 125. Direzione Nord-Nord-Est.</p>\r\n<p>Cena e pernottamento al Villaggio.&nbsp;</p>\r\n<p>&nbsp;</p>\r\n<p><strong>&nbsp;Quota individuale di partecipazione:&nbsp;&nbsp;&nbsp;&nbsp; Euro&nbsp;&nbsp;95&nbsp;</strong></p>', '<p>Por la ma&ntilde;ana, se visitar&aacute; Solferino y la regi&oacute;n del Yum Balam (Jaguar Padre) a trav&eacute;s de paisajes de sabana casi africana, con un gran n&uacute;mero de aves acu&aacute;ticas, anfibios de todo tipo. Orqu&iacute;deas y bromelias en todas partes.</p>\r\n<p>El programa prev&eacute; el cruce de la selva hasta el Humedal. A partir de aqu&iacute;, &nbsp;remando en kayak, el visitante atraviesa la zona dando vuelta a poderosos &aacute;rboles de mil ra&iacute;ces sobresalientes del agua, llenos de aves acu&aacute;ticas.</p>\r\n<p>En el camino de vuelta, se puede subir a las altas torres en madera llamadas "Miradores".</p>\r\n<p>Incluso es posible "cannopy", es decir, pasar de un "Mirador" a otro, deslizando colgados a sogas que cuelgan sobre la selva. Todo por supuesto con la ayuda de la gu&iacute;a, y de forma segura.</p>\r\n<p>Finalmente visita al Jard&iacute;n Bot&aacute;nico, el Laboratorio de hierbas y a la Tienda de productos naturales Maya.</p>\r\n<p>Horario de visitas: desde la 9 de la ma&ntilde;ana &nbsp;hasta las 5-6 p.m. &nbsp;Distancia Ek Balam-Solferino: km 125. En direcci&oacute;n Nord-Nord-Est</p>\r\n<p>Cena y alojamiento en el Pueblo</p>\r\n<p>&nbsp;</p>\r\n<p>&nbsp;</p>\r\n<p><strong>Precio por persona: &nbsp;Cambio divisas: Euro 1 = USD 1.26</strong></p>\r\n<p>&nbsp;</p>\r\n<p>USD 119 &nbsp; Euro 95</p>', 1, 0, 5, '2012-10-25 13:49:32'),
(12, 'Yucatan', 'Izamal', '12_izamal', '<p>Citt&aacute;&nbsp; di Izamal</p>', '<p>Ciudad de Izamal</p>', '<p>In calesse, dal Convento francescano del XVI secolo, costruito sopra un&rsquo;enorme piattaforma Maya, si passa a visitare la Citt&agrave;&nbsp;Gialla, cosiddetta per il colore di tutte le case del Centro Storico, con visita al Museo dell&rsquo;Artigianato e a laboratori di gioielleria.</p>\r\n<p>Da Ek Balam a Chich&eacute;n Itz&aacute;&nbsp;la distanza &eacute;&nbsp;di km 60, e da Chich&eacute;n Itz&aacute;&nbsp;a Izamal di km 45, ambedue gli spostamenti in direzione Ovest.</p>\r\n<p>Visita guidata dalle ore 9 alle 17.</p>\r\n<p>Cena e pernottamento al Villaggio.&nbsp;</p>\r\n<p>&nbsp;</p>\r\n<p><strong>Quota individuale di partecipazione:&nbsp;</strong></p>\r\n<p>n. 2 persone&nbsp; Euro&nbsp;&nbsp;95 / per persona</p>\r\n<p>n. 3 persone&nbsp; Euro&nbsp; 69 / per persona</p>\r\n<p>n. 4 persone&nbsp; Euro&nbsp;&nbsp;56 / per persona</p>\r\n<p>n. 5 persone&nbsp; Euro&nbsp;&nbsp;60 / per persona&nbsp;</p>\r\n<p>Interprete a richiesta&nbsp; Euro&nbsp; 80&nbsp;</p>', '<p>Paseo en calesa, desde el Monasterio franciscano del siglo XVI, construido sobre una enorme plataforma Maya, ustedes visitar&aacute;n la Ciudad &nbsp;Amarilla, llamada as&iacute; por el color de todas las casas del casco antiguo, y visitar&aacute;n el Museo de los talleres de joyas.</p>\r\n<p>Desde Ek Balam a Chich&eacute;n Itz&aacute; &nbsp;la distancia es de 60 km, y desde Chich&eacute;n Itz&aacute; a Izamal de 45 km, ambos movi&eacute;ndose en direcci&oacute;n oeste.</p>\r\n<p>Visita guiada desde 9 a 17.</p>\r\n<p>Cena y alojamiento en el pueblo.</p>\r\n<p>&nbsp;</p>\r\n<p><strong>Precio por persona: Cambio divisas: Euro 1 = USD 1,26</strong></p>\r\n<p>n. 2 personas &nbsp; &nbsp; &nbsp;USD &nbsp;119 &nbsp; &nbsp; &nbsp; &nbsp; Euro &nbsp;95 euros &nbsp; &nbsp;por persona</p>\r\n<p>n. 3 personas &nbsp; &nbsp; &nbsp;USD &nbsp; &nbsp;87 &nbsp; &nbsp; &nbsp; &nbsp; Euro &nbsp;69 euros &nbsp; &nbsp;por persona</p>\r\n<p>n. 4 personas &nbsp; &nbsp; &nbsp;USD &nbsp; &nbsp;70 &nbsp; &nbsp; &nbsp; &nbsp; Euro &nbsp;56 Euros &nbsp; &nbsp;por persona</p>\r\n<p>n. 5 personas &nbsp; &nbsp; &nbsp;USD &nbsp; &nbsp;75 &nbsp; &nbsp; &nbsp; &nbsp; Euro &nbsp;60 euros &nbsp; &nbsp;por persona</p>\r\n<p>Int&eacute;rprete a pedido &nbsp; USD &nbsp;99 &nbsp; Euro &nbsp;80&nbsp;</p>', 1, 0, 6, '2012-10-25 13:49:48'),
(13, 'Yucatan', 'Chichen Itz&aacute;', '13_chichen-itza', '<p>Zona Archeologica di Chich&eacute;n Itz&aacute;</p>', '<p>Zona Arqueol&oacute;gica de Chich&eacute;n Itz&aacute;</p>', '<p>Tour guidato al sito archeologico della Citta May&aacute;&nbsp;pre-hispanica di Chich&eacute;n Itz&aacute;, zona archeologica d&rsquo;importanza planetaria, Patrimonio dell&rsquo;Umanit&aacute;&nbsp; secondo l&rsquo;Unesco, dichiarata Meraviglia del Mondo.&nbsp;</p>\r\n<p>&nbsp;</p>\r\n<p><strong>Quota individuale di partecipazione:&nbsp;</strong></p>\r\n<p>n. 2 persone&nbsp;&nbsp;&nbsp; Euro&nbsp;75 / per persona</p>\r\n<p>n. 3 persone&nbsp;&nbsp;&nbsp; Euro&nbsp;56 / per persona</p>\r\n<p>n. 4 persone&nbsp;&nbsp;&nbsp; Euro 48 / per persona</p>\r\n<p>n. 5 persone&nbsp;&nbsp;&nbsp; Euro 42 / per persona&nbsp;</p>\r\n<p>Interprete su richiesta&nbsp; Euro 80 &nbsp;</p>', '<p>Visita guiada a la Zona Arqueol&oacute;gica de la Ciudad Maya pre-hispanica de Chich&eacute;n Itz&aacute;, sitio arqueol&oacute;gico de importancia mundial, Patrimonio de la Humanidad seg&uacute;n la UNESCO, declarada Maravilla del Mundo.</p>\r\n<p>&nbsp;</p>\r\n<p><strong>Precio por persona: &nbsp;Cambio divisas: &nbsp;Euro 1 = USD 1.26</strong></p>\r\n<p>n. 2 personas &nbsp; &nbsp; USD 94 &nbsp; &nbsp; Euros 75 &nbsp; &nbsp;por persona</p>\r\n<p>n. 3 personas &nbsp; &nbsp; USD 70 &nbsp; &nbsp; Euro &nbsp;56 &nbsp; &nbsp; por persona</p>\r\n<p>n. 4 personas &nbsp; &nbsp; USD 60 &nbsp; &nbsp; Euros 48 &nbsp; &nbsp;por persona</p>\r\n<p>n. 5 personas &nbsp; &nbsp; USD 53 &nbsp; &nbsp; Euros 42 &nbsp; &nbsp; por persona</p>\r\n<p>Int&eacute;rprete a pedido: &nbsp; &nbsp; USD &nbsp;99 &nbsp; Euros &nbsp; 80 &nbsp;</p>', 1, 0, 6, '2012-10-25 13:50:04'),
(15, 'Yucatan', 'Ek Balam - Xcanch&eacute;', '15_ek-balam---xcanche', '<h3><strong>Zona Archeologica di Ek Balam e dell''Ecoparco Acquatico Xcanch&eacute;</strong><strong>.</strong></h3>', '', '<p>Visita guidata della Zona Archeologica Maya di Ek Balam (il Giaguaro Nero) e dell&rsquo;Ecoparco Acquatico Xcanch&eacute;.</p>\r\n<p>Ek Balam &eacute;&nbsp;una Zona Archeologica Maya ancora poco nota ma di grande importanza storica, e si trova a un km circa dal Villaggio.</p>\r\n<p>L&rsquo;Ecoparco Acquatico Xcanch&eacute;&nbsp;racchiude un bellissismo Cenote, lago sotterraneo e luogo sacro per gli antichi Maya, in quanto considerato apertura verso l&rsquo;Inframundo. Il Cenote pu&oacute;&nbsp;essere attraversato con funi da una sponda all&rsquo;altra, o navigato con kayak.</p>\r\n<p>Arriverete all&rsquo;entrata dell&rsquo;Ecoparco con l&rsquo;auto, e poi occorre attraversare la foresta in bici o in bici-taxi. I visitatori saranno poi ricevuti dalla guida che, utilizzando una mappa, far&aacute;&nbsp;loro vedere l&rsquo;ubicazione di tutte le installazioni e i servizi a cui avranno accesso.</p>\r\n<p>Orario delle visite: dalle ore 9 alle 16 (ora di chiusura dell&rsquo;Ecoparco)</p>\r\n<p>Visita guidata, con le nostre guide Maya bilingue, spagnolo e inglese. Zona Archeologica e Cenote sono vicinissimi al Villaggio.</p>\r\n<p>Cena e pernottamento al Villaggio.&nbsp;</p>\r\n<p>&nbsp;</p>\r\n<h3><strong>Quota individuale di partecipazione:</strong>&nbsp;</h3>\r\n<p>n. 2 persone&nbsp;&nbsp; Euro&nbsp;71 / per persona</p>\r\n<p>n. 3 persone&nbsp;&nbsp; Euro&nbsp;65 / per persona</p>\r\n<p>n. 4 persone&nbsp;&nbsp; Euro&nbsp;54 / per persona</p>\r\n<p>n. 5 persone&nbsp;&nbsp; Euro 48 / per persona&nbsp;</p>', '<p>Visita guiada al sitio arqueol&oacute;gico Maya de Ek Balam (Jaguar Negro) y al Ecoparque Acu&aacute;tico Xcanch&eacute;.</p>\r\n<p>Ek Balam es un sitio arqueol&oacute;gico Maya a&uacute;n poco conocido pero de gran importancia hist&oacute;rica, y est&aacute; situado a un kil&oacute;metro del Pueblo.</p>\r\n<p>El Ecoparque Acu&aacute;tico Xcanch&eacute; contiene un Cenote bellissismo, lago subterr&aacute;neo y lugar sagrado para los antiguos Mayas, ya que se consideraba puerta abierta al Inframundo. El Cenote se puede cruzar con cuerdas de una orilla a otra, o navegar con kayak.</p>\r\n<p>Se llega a la entrada del Ecoparque con el coche, y luego hay que cruzar la selva en bicicleta o en moto-taxi. Los visitantes ser&aacute;n recibidos por el gu&iacute;a, el cual, usando un mapa, les har&aacute; ver la ubicaci&oacute;n de todas las instalaciones y servicios a los que tendr&aacute;n acceso.</p>\r\n<p>Horario: de 9 a 16(hora de cierre del Ecoparque)</p>\r\n<p>Visita gu&iacute;ada, con nuestros gu&iacute;as Mayas biling&uuml;e, espa&ntilde;ol e Ingl&eacute;s. Zona Arcqueol&oacute;gica y Cenote est&aacute;n muy cerca de la Aldea.</p>\r\n<p>Cena y alojamiento en el pueblo.</p>\r\n<p>&nbsp;</p>\r\n<p><strong>Precio por persona: Cambio divisas: 1 Euro=USD 1,26</strong></p>\r\n<p>n. 2 personas &nbsp; &nbsp;USD 89 &nbsp; Euros &nbsp;71 &nbsp; &nbsp; por persona</p>\r\n<p>n. 3 personas &nbsp; &nbsp;USD 82 &nbsp; Euros &nbsp;65 &nbsp; &nbsp; por persona</p>\r\n<p>n. 4 personas &nbsp; &nbsp;USD 68 &nbsp; Euros &nbsp;54 &nbsp; &nbsp; por persona</p>\r\n<p>n. 5 personas &nbsp; &nbsp;USD 60 &nbsp; Euros &nbsp;48 &nbsp; &nbsp; por persona</p>', 1, 0, 6, '2012-10-25 13:50:38'),
(16, 'Yucatan', 'Ek Balam', '16_ek-balam', '<p>Tutta la giornata nella Comunit&aacute;&nbsp;Maya di Ek Balam, con la guida.</p>', '<p>Todo el d&iacute;a en la Comunidad Maya de Ek Balam, con gu&iacute;a.</p>', '<p>Visita con la nostra guida Maya dalle ore 9 del mattino, per tutto il giorno.</p>\r\n<p>Uh Najil Ek Balam &eacute;&nbsp; un villaggio maya che mantiene tradizioni e forme di vita Maya, letteralmente immerso nella foresta, con vegetazione e fauna tipiche di queste zone.</p>\r\n<p>Da non perdere, il Temazcal, sorta di sauna di vapore usato da secoli da queste popolazioni. Inizio alle ore 20, durata tre ore .</p>\r\n<p>La Comunit&aacute;&nbsp;Maya &eacute;&nbsp;adiacente al Villaggio.</p>\r\n<p>Cena e pernottamento al Villaggio.</p>\r\n<p>&nbsp;</p>\r\n<p>Quota individuale di partecipazione:&nbsp;</p>\r\n<p>n. 2 persone&nbsp;&nbsp; Euro 193 / per persona</p>\r\n<p>n. 3 persone&nbsp;&nbsp; Euro 134 / per persona</p>\r\n<p>n. 4 persone&nbsp;&nbsp; Euro&nbsp;104 / per persona</p>\r\n<p>n. 5 persone&nbsp;&nbsp; Euro&nbsp;&nbsp;&nbsp;87 / per persona&nbsp;</p>', '<p>Visita con nuestro gu&iacute;a Maya, desde las 9 de la ma&ntilde;ana, durante todo el d&iacute;a.</p>\r\n<p>Uh Najil Ek Balam es una Aldea Maya que conserva sus tradiciones y formas de vida, literalmente hundido en la selva, con vegetaci&oacute;n y fauna caracterist&iacute;cas de estas zonas.</p>\r\n<p>No te pierdas el Temazcal, una especie de sauna de vapor utilizado durante siglos por estas poblaciones. A partir de las 20, duraci&oacute;n tres horas.</p>\r\n<p>La Comunidad &nbsp;Maya se encuentra cerca del pueblo.</p>\r\n<p>Cena y alojamiento en el pueblo.</p>\r\n<p>&nbsp;</p>\r\n<p><strong>Precio por persona: &nbsp;Cambio divisas: 1 Euro=USD 1.26</strong></p>\r\n<p>n. 2 personas &nbsp; &nbsp; &nbsp; &nbsp;USD 243 &nbsp; &nbsp;Euro 193 &nbsp; &nbsp; por persona</p>\r\n<p>n. 3 personas &nbsp; &nbsp; &nbsp; &nbsp;USD 168 &nbsp; &nbsp;Euro 134 &nbsp; &nbsp; por persona</p>\r\n<p>n. 4 personas &nbsp; &nbsp; &nbsp; &nbsp;USD 131 &nbsp; &nbsp;Euro 104 &nbsp; &nbsp; por persona</p>\r\n<p>n. 5 personas &nbsp; &nbsp; &nbsp; &nbsp;USD 109 &nbsp; &nbsp;Euro &nbsp; 87 &nbsp; &nbsp; por persona</p>', 1, 0, 6, '2012-10-25 16:27:52'),
(18, 'Cuba', 'Pinar del R&iacute;o', '18_pinar-del-rio', '<p style="text-align: left;" align="center"><strong>Pinar del Rio e Vi&ntilde;ales, comanda la Natura</strong></p>', '<p><strong>Pinar del R&iacute;o y Vi&ntilde;ales, comanda la Naturaleza</strong></p>', '<p>Pinar dell&rsquo;altopiano, se cercate divertimenti come discoteche, balli danze e cotillons siete fuori strada, qualcosa c&rsquo;&eacute; ma avete sbagliato Citt&aacute;, garantito.</p>\r\n<p>A volte per le strade di Pinar non si vede nessuno, qualche carretto con cavallo, qualche bicicletta, come nelle vecchie foto, e l&rsquo;aria &eacute; fresca e trasparente.</p>\r\n<p>A parte il fatto che esistono edifici neoclassici molto decorati, sulla Citt&aacute; in s&eacute; non c&rsquo;&eacute; molto da dire.</p>\r\n<p>Qui domina e comanda la Natura.</p>\r\n<p><strong>&nbsp;</strong></p>\r\n<p><strong>La vicina Vi&ntilde;ales</strong> &eacute; media montagna, piena di pinete e tramonti colorati, strade strette e case di legno, formidabile.</p>\r\n<p>Proprio come dicono i migliori d&eacute;pliants turistici, &rdquo;abbandonatevi al&nbsp; piacere di luoghi&nbsp; incontaminati...ecc&rdquo;, ecco, ben detto.</p>\r\n<p>Se poi togliete dal paesaggio qualche pianta e arbusto locale non sembra neppure di essere ai Caraibi, pare di stare su bassi Pirenei, Prealpi o addirittura sui Carpazi.</p>\r\n<p>&nbsp;</p>\r\n<p><strong>&nbsp;</strong></p>\r\n<h2 style="text-align: center;">&nbsp;Informazioni sulla Citt&aacute;, e alcuni posti da vedere</h2>\r\n<h2 style="text-align: center;">&nbsp;</h2>\r\n<p>Fondata nel 1.699.</p>\r\n<p>Abitanti: 120.000</p>\r\n<p>Pinar &eacute; la Citt&aacute; pi&uacute; occidentale di Cuba, per capirci la pi&uacute; vicina al Messico, in una delle zone agricole pi&uacute; importanti del Paese. Qui cresce&nbsp; il miglior tabacco del mondo e si fanno i migliori sigari cubani.</p>\r\n<p><strong>Casa de la Cultura, Teatro Milan&eacute;s, Jardin Botanico.</strong></p>\r\n<h3>&nbsp;</h3>\r\n<h2 align="center">Divertirsi di notte</h2>\r\n<p align="center"><strong>&nbsp;</strong></p>\r\n<p>Nel <strong>Centro Cultural Polo Monta&ntilde;ez, El Vi&ntilde;alero</strong>, bar con musica dal vivo, di notte, e tribunale di giorno. Bueno, esta es Cuba. Ogni marted&iacute;&nbsp; e due sabati al mese.</p>\r\n<p><strong>Patio Decimista</strong>, di fronte al Vi&ntilde;alero, gruppi musicali, sempre pieno di gente.</p>\r\n<p>&nbsp;</p>\r\n<p>&nbsp;</p>\r\n<h2 style="text-align: center;">Suggerimenti</h2>\r\n<h3><span><strong>&nbsp;</strong></span></h3>\r\n<p><span>Se vuoi sapere di pi&uacute; su Pinar del Rio, mettiti in contatto direttamente con noi, clicca qui</span></p>\r\n<p><span>&nbsp;</span></p>\r\n<p><span>Se invece vuoi conoscere le nostre offerte, clicca qui</span></p>', '<p>Pinar de la Meseta<strong>:</strong>&nbsp;si ustedes buscan entretenimientos como discotecas, bailes, danzas y cotillones est&aacute;n fuera del camino, hay algo de esto pero se equivocaron de ciudad, garantizado.</p>\r\n<p>A veces en las calles de Pinar no hay nadie, s&oacute;lo algunos carros con caballos, o alguien en bicicleta, como en las viejas fotograf&iacute;as, y el aire es fresco y claro.</p>\r\n<p>A parte del hecho de que hay muchos edificios neocl&aacute;sicos muy ornamentados, la ciudad en si misma no tiene mucho que decir.</p>\r\n<p>Aqu&iacute; domina y manda la Naturaleza.</p>\r\n<p>&nbsp;</p>\r\n<p><strong>La vecina Vi&ntilde;ales</strong>&nbsp;es la Sierra, pinos y puestas de sol coloreadas, calles estrechas y casas de madera, formidable.</p>\r\n<p>Como dicen los folletos tur&iacute;sticos: "disfrutar del placer de lugares v&iacute;rgenes, etc ...", aqu&iacute;, bien dicho.</p>\r\n<p>Si adem&aacute;s quit&aacute;n del paisaje algunas plantas o alg&uacute;n arbusto local, ni siquiera parece estar en el Caribe, parece estar en los Pirineos, los Alpes o incluso los C&aacute;rpatos.</p>\r\n<p>&nbsp;</p>\r\n<h2 style="text-align: center;">Informaciones sobre la ciudad, y algunos lugares para ver</h2>\r\n<p>&nbsp;</p>\r\n<p>Fundada en 1699.</p>\r\n<p>Poblaci&oacute;n: 120.000</p>\r\n<p>Pinar es la ciudad m&aacute;s occidental de Cuba, para entender el m&aacute;s cercano a M&eacute;xico, una de las zonas agr&iacute;colas m&aacute;s importantes del pa&iacute;s. Aqu&iacute; se cultiva el mejor tabaco del mundo y tomar las mejores puros cubanos.</p>\r\n<p><strong>Casa de la Cultura, el Teatro Milan&eacute;s Jardin Botanico.</strong></p>\r\n<p>&nbsp;</p>\r\n<h2 style="text-align: center;">Diversi&oacute;n en la noche</h2>\r\n<p>&nbsp;</p>\r\n<p>En el<strong> Centro Cultural Polo Monta&ntilde;ez</strong>, <strong>El Vi&ntilde;alero</strong>, bar con m&uacute;sica en vivo por las noches y por los d&iacute;as, alli hay el Tribunal. Bueno, esta es Cuba. Todos los martes y dos s&aacute;bados al mes.</p>\r\n<p><strong>Patio Decimista</strong>, frente a la Vi&ntilde;alero, bandas, siempre lleno de gente.</p>\r\n<p>&nbsp;</p>\r\n<h2 style="text-align: center;">Sugerencias</h2>\r\n<p>&nbsp;</p>\r\n<p>Si quieres saber m&aacute;s de Pinar del R&iacute;o, ponerse en contacto directamente con nosotros, <span style="color: #3366ff;">haga clic aqu&iacute;</span></p>\r\n<p>&nbsp;</p>\r\n<p>Si quieres conocer nuestras ofertas especiales,<span style="color: #3366ff;"> haga clic aqu&iacute;</span></p>', 1, 0, 7, '2012-10-29 15:36:53');
INSERT INTO `destinations` (`id`, `tipo`, `nombre`, `slug`, `subtitulo_ita`, `subtitulo_esp`, `descripcion_ita`, `descripcion_esp`, `activo`, `comment_count`, `destinationimg_count`, `created`) VALUES
(19, 'Cuba', 'Santa Clara', '19_santa-clara', '<p>Santa Clara &eacute; una delle Citt&aacute; pi&uacute; solari di Cuba e anche fra le pi&uacute; tranquille</p>', '<p>Santa Clara es una de las ciudades mas soleadas de Cuba y tambi&eacute;n es de las m&aacute;s tranquilas&nbsp;</p>', '<p>Santa Clara &eacute; una delle Citt&aacute; pi&uacute; solari di Cuba e anche fra le pi&uacute; tranquille, di giorno. Non a caso&nbsp;chiamata &ldquo;clara&rdquo;, la luminosa, e in effetti il nome non tradisce le aspettative.</p>\r\n<p>Il Che Guevara la conquist&oacute; nell&rsquo;ultima battaglia della Rivoluzione, in quell&rsquo;alba del 1959, e la canzone dice che tutta la Citt&aacute; si svegli&oacute; per guardare.&nbsp;</p>\r\n<p>Importante snodo stradale, ci passa l&rsquo;Autostrada che dall&rsquo;Habana porta a Oriente, e la ferrovia. E&acute; collegata direttamente con Sancti Spiritus e Trinidad, cio&eacute; con il versante sud di Cuba, con una buona strada, e non &eacute; troppo lontana&nbsp; da quello settentrionale.</p>\r\n<p>Insomma, un posto strategico, ecco perch&eacute; Fidel Castro mand&oacute; il Che e la sua colonna a prenderla.</p>\r\n<p>Fondata nel 1689. Abitanti: 210.000</p>\r\n<p>&nbsp;</p>\r\n<p align="center"><strong>&nbsp;</strong></p>\r\n<h2 align="center">Informazioni sulla Citt&aacute;, e alcuni posti da vedere.</h2>\r\n<h2 align="center"><strong>&nbsp;</strong></h2>\r\n<p>&nbsp;</p>\r\n<p><strong>Monumento al Che Guevara</strong>, con la sua tomba, e &nbsp;<strong>Treno Blindato.</strong></p>\r\n<p><strong>Mercato &ldquo;Sancino&rdquo;,</strong> frutta e verdura con musica, e artigianato.</p>\r\n<p><strong>Teatro &ldquo;La Caridad&rdquo;.</strong></p>\r\n<p><strong>Plaza del Carmen</strong>, luogo simbolo della Citt&aacute;.</p>\r\n<p><strong>Boulevard,</strong> zona pedonale con molti negozi, bar e ristoranti.</p>\r\n<p><strong>Museo de Artes Decorativas, Parque Vidal, Galer&iacute;a de Artes M&aacute;ximo Gomez.</strong></p>\r\n<p><strong>&nbsp;</strong></p>\r\n<p>&nbsp;</p>\r\n<h2 style="text-align: center;">Dove divertirsi di notte</h2>\r\n<p align="center"><strong>&nbsp;</strong></p>\r\n<p>&nbsp;</p>\r\n<p>Santa Clara si trasforma dopo il calar del sole, ha una vita notturna vivace e per certi aspetti unica tra le Citt&aacute; di provincia.</p>\r\n<p>&nbsp;</p>\r\n<p><strong>Cabaret El Bosque</strong>, a pochi minuti a piedi dal <strong>Parque Vidal</strong>, spettacoli di ballo da mercoled&iacute; a domenica,&nbsp; e poi se vuoi puoi ballare fino all&rsquo;alba nel <strong>Bar El Patio</strong>.&nbsp;Funziona anche di giorno, con piscina e amache all&rsquo;ombra delle palme.</p>\r\n<p><strong>Bar Club Boulevard</strong>, Indipendenza n. 225, entre Maceo y Uni&oacute;n. Performances dal vivo, e si balla. Fine settimana con molta gente.</p>\r\n<p><strong>Piano Bar &ldquo;El Dorado&rdquo;,</strong> proprio in centro Citt&aacute;.</p>\r\n<p><strong>Pe&ntilde;a El Mejunje,</strong> Martha Abreu n.12, &eacute; un posto assolutamente speciale e vale la pena di andarci, conosciuto in tutta Cuba, pieno di turisti e cubani, non fa discriminazioni fra omo e eterosessuali. Drag Queen.&nbsp;Bel posto divertente, senza problemi.&nbsp;Ogni notte teatro, recitazione di poesie, gruppi rock.&nbsp;Domenica pomeriggio, spettacoli per bambini della Compagnia Gui&ntilde;ol (vedi documento: &ldquo;Se viaggiate con bambini&rdquo;)</p>\r\n<p><strong>Salon Primavera,</strong> M&aacute;ximo Gomez n. 51. Disco molto apprezzata dai giovani.</p>\r\n<p>&nbsp;</p>\r\n<p>&nbsp;</p>\r\n<h2 style="text-align: center;"><span style="color: #000000;">Suggerimenti</span></h2>\r\n<h3><span style="color: #000000;"><strong>&nbsp;</strong></span></h3>\r\n<p><span style="color: #000000;">Se vuoi sapere di pi&uacute; su Santa Clara, mettiti in contatto direttamente con noi, <a href="../../../nosotros">clicca qui</a></span></p>\r\n<p><span style="color: #000000;">Se invece vuoi conoscere le nostre offerte, <a href="../../../paquetes/3_cuba-3-citta-in-10-giorni-9-notti">clicca qui</a></span></p>\r\n<h3><span style="color: #000000;"><strong>&nbsp;</strong></span></h3>\r\n<p>&nbsp;</p>\r\n<p>&nbsp;</p>\r\n<p>&nbsp;</p>\r\n<p>&nbsp;</p>\r\n<p align="center"><strong>&nbsp;</strong></p>', '<p>Santa Clara es una de las Ciudades m&aacute;s soleadas de Cuba y tambi&eacute;n de las m&aacute;s tranquilas, durante el d&iacute;a. No al azar es &nbsp;llamada "clara", la luminosa, y efectivamente el nombre no traiciona las expectativas.<br /> <br /> El Che Guevara la conquist&oacute; en la &uacute;ltima batalla de la Revoluci&oacute;n, en aquella alba del 1959, y la canci&oacute;n dice que toda la Ciudad se despert&oacute; para mirar.&nbsp;</p>\r\n<p>Importante articulaci&oacute;n vial, cercana a &nbsp;la autopista que desde La Havana lleva a Oriente, y al ferrocarril. Est&aacute; conectada con una buena carretera directamente con Sancti Spiritus y Trinidad, es decir con el lado sur de Cuba, y no est&aacute; demasiado lejana del lado septentrional.<br /><br /> Entonces, un sitio estrat&eacute;gico: he aqu&iacute; porque Fidel Castro mand&oacute; el Che y su columna a cogerla.<br /> <br /> Fundada en 1689. &nbsp;Habitantes: 210.000</p>\r\n<h2 align="center"><strong>&nbsp;</strong></h2>\r\n<h2 style="text-align: center;">Informaciones sobre la ciudad, y algunos lugares para ver.</h2>\r\n<p>&nbsp;</p>\r\n<p><strong>Monumento al Che Guevara</strong>, con su tumba, y el <strong>Tren Blindado.</strong></p>\r\n<p><strong>Mercado "Sancino",</strong> frutas y verduras con m&uacute;sica y artesan&iacute;as.</p>\r\n<p><strong>Teatro "La Caridad".</strong></p>\r\n<p><strong>Plaza del Carmen</strong>, un s&iacute;mbolo de la ciudad.</p>\r\n<p><strong>Boulevard</strong>, una zona peatonal con numerosas tiendas, bares y restaurantes.</p>\r\n<p><strong>Museo de Artes Decorativas, Parque Vidal, Galer&iacute;a de Artes M&aacute;ximo G&oacute;mez.</strong></p>\r\n<p>&nbsp;</p>\r\n<h2 style="text-align: center;">Donde divertirse por la noche</h2>\r\n<p>&nbsp;</p>\r\n<p>&nbsp;</p>\r\n<p>Santa Clara se transforma despu&eacute;s de la puesta del sol, tiene una animada vida nocturna y de alguna manera &uacute;nica entre las ciudades de &nbsp;provincia.</p>\r\n<p>&nbsp;</p>\r\n<p><strong>Cabaret El Bosque</strong>, a pocos minutos a pie del <strong>Parque Vidal</strong>, espect&aacute;culos de danza, de mi&eacute;rcoles a domingo, y luego, si lo deseas, puedes bailar hasta el amanecer en<strong> Bar El Patio</strong>. Tambi&eacute;n trabaja durante el d&iacute;a, con piscina y hamacas bajo las palmeras.</p>\r\n<p><strong>Bar Club Boulevard</strong>, Independencia n. 225, entre Maceo y Uni&oacute;n. Actuaciones en directo y baile. Fin de semana con mucha gente.</p>\r\n<p><strong>Piano Bar "El Dorado"</strong>, en pleno centro de la ciudad.</p>\r\n<p><strong>Pe&ntilde;a El Mejunje</strong>, Martha Abreu, 12, &nbsp;es un lugar muy especial y merece la pena ir all&iacute;, conocido en toda Cuba, lleno de turistas y cubanos, no discrimina entre homo y heterosexuales. Drag Queen. Divertido y bonito lugar, sin problemas. Cada noche el teatro, recitaci&oacute;n de poemas, bandas de rock. <strong>S&oacute;lo los domingos por la tarde,</strong> espect&aacute;culos infantiles del Gui&ntilde;ol Company (ver documento: "Si va a viajar con ni&ntilde;os")</p>\r\n<p><strong>Salon Primavera</strong>, M&aacute;ximo G&oacute;mez n. 51. Disco muy apreciada por los j&oacute;venes.</p>\r\n<p>&nbsp;</p>\r\n<p>&nbsp;</p>\r\n<h2 style="text-align: center;">Sugerencias</h2>\r\n<p>&nbsp;</p>\r\n<p>Si desea saber m&aacute;s acerca de Santa Clara, ponte en contacto con nosotros directamente, <a href="../../../nosotros">haga clic aqu&iacute;</a></p>\r\n<p>Si quieres conocer nuestras ofertas especiales, <a href="../../../paquetes/3_cuba-3-citta-in-10-giorni-9-notti">haga clic aqu&iacute;</a></p>', 1, 0, 6, '2012-10-29 15:41:58');

-- --------------------------------------------------------

--
-- Estructura de tabla para la tabla `faqs`
--

CREATE TABLE IF NOT EXISTS `faqs` (
  `id` int(10) unsigned NOT NULL auto_increment,
  `tipo` enum('General','Cuba','Yucatan') default 'General',
  `nombre_ita` varchar(255) NOT NULL,
  `nombre_esp` varchar(255) NOT NULL,
  `descripcion_ita` text,
  `descripcion_esp` text,
  `orden` int(10) unsigned default '0',
  `created` datetime default NULL,
  `activo` tinyint(1) default '1',
  PRIMARY KEY  (`id`)
) ENGINE=MyISAM  DEFAULT CHARSET=utf8 AUTO_INCREMENT=33 ;

--
-- Volcado de datos para la tabla `faqs`
--

INSERT INTO `faqs` (`id`, `tipo`, `nombre_ita`, `nombre_esp`, `descripcion_ita`, `descripcion_esp`, `orden`, `created`, `activo`) VALUES
(1, 'Cuba', 'Quanti chili di bagaglio posso portare?', '&iquest;Cu&aacute;ntas libras de equipaje puedo llevar?', '<p>30 kilogrammi a persona. Fate attenzione a sorpassare il peso consentito, perch&eacute; la dogana cubana, in caso di controlli, vi far&aacute; pagare 10 Pesos Convertibili per kilogrammo eccedente( circa&nbsp; Euro 8)&nbsp;</p>', '<p>30 kilogramos por persona. Pongan &nbsp;atenci&oacute;n a no sobrepasar el peso permitido, porque la aduana cubana, en caso de control, le har&aacute; pagar 10 Pesos Convertibles por kilogramo en exceso(aproximadamente &euro; 8)</p>', 1, '2012-10-25 13:31:16', 1),
(2, 'Cuba', 'Quale moneta conviene portare?', '&iquest;Qu&eacute; moneda debe portar?', '<p>L&rsquo;euro va benissimo ovviamente, come le principali monete, ad eccezione dei dollari USA, che vengono tassati al 10% al momento del cambio</p>', '<p>Principales monedas y Euro son muy bien aceptadas, por supuesto. Verificar en: &nbsp;www.cubacurrency.com. &nbsp;Cuidado con los d&oacute;lares de Estados Unidos, que se gravan con tasa del 10% cuando se cambia.</p>', 1, '2012-10-25 13:31:53', 1),
(3, 'Cuba', 'Sono valide tutte le carte di credito?', '&iquest;Son validas todas las tarjetas de cr&eacute;dito?', '<p>Le principali s&iacute;, come Mastercard, Visa ecc, &nbsp;ad eccezione di quelle provenienti dagli USA, come American Express. Il prelievo di contanti in banca con carta di credito &eacute; tassato all&rsquo;11%.</p>', '<p>Las m&aacute;s importantes s&iacute;, como Mastercard, o Visa, etc, con la excepci&oacute;n de las procedentes de los EE.UU. como American Express. El cobro de efectivo con tarjeta de cr&eacute;dito, en el Banco y en Cadeca, se grava en un 11%.</p>', 2, '2012-10-25 13:32:22', 1),
(4, 'Cuba', 'Quali monete sono in uso a Cuba?', '&iquest;Qu&eacute; monedas se usan en Cuba?', '<p>A Cuba esistono due monete: il Peso cubano Nazionale e il Peso cubano Convertibile. Quest&rsquo;ultimo &eacute; quello che vi daranno quando cambierete i vostri soldi. Attenzione a quando vi danno il resto, il Convertibile, detto CUC, vale 24 Pesos Nazionali.</p>', '<p>En Cuba hay dos monedas: el Peso cubano Nacional y el Peso cubano Convertible (CUC). Este ultimo es lo que les dar&aacute;n al cambiar su dinero. Atenci&oacute;n a cuando les dar&aacute;n la vuelta, el Convertible, CUC, vale 24 Pesos nacionales.</p>', 3, '2012-10-25 13:32:51', 1),
(5, 'Cuba', 'Come posso riconoscere le banconote delle due monete?', '&iquest;C&oacute;mo puedo reconocer los billetes de ambas monedas?', '<p>Entrate nel sito <a href="http://www.cubacurrency.com/">www.cubacurrency.com</a>:&nbsp; l&iacute; troverete le fotografie delle due banconote e il cambio con la vostra moneta, giorno per&nbsp; giorno. Il cambio &eacute; sempre leggermente diverso da quello che vi applicheranno.</p>', '<p>Entren al sitio www.cubacurrency.com sitio: all&iacute; se encuentran las im&aacute;genes de los billetes y el cambio de moneda d&iacute;a a d&iacute;a. El cambio siempre es un poco diferente de lo que aplicar&aacute;n.</p>', 4, '2012-10-25 13:33:11', 1),
(6, 'Cuba', 'Dove posso cambiare il denaro?', '&iquest;D&oacute;nde puedo cambiar mi dinero?', '<p>Nelle sedi del Banco de Cr&eacute;dito y de Comercio, e in quelle delle Cadeca, Casas de Cambio. Mai, mai, per strada.</p>', '<p>En el Banco de Cr&eacute;dito y de Comercio, y en las Cadeca, Casas de Cambio. Nunca, nunca, en las calles.</p>', 5, '2012-10-25 13:34:45', 1),
(7, 'Cuba', 'Posso portare il cellulare?', '&iquest;Puedo llevar a mi tel&eacute;fono m&oacute;bil?', '<p>S&iacute;, senza problemi. Attenzione: <strong>assolutamente</strong> <strong>proibiti</strong> i telefoni satellitari.</p>', '<p>S&iacute;, no hay problema. Cuidados: <strong>absolutamente prohibidos </strong>los tel&eacute;fonos satelitales.</p>', 6, '2012-10-25 13:35:06', 1),
(8, 'Cuba', 'Cuba &eacute; un posto sicuro?', '&iquest;Cuba es un lugar seguro?', '<p>Cuba &eacute; uno dei posti pi&uacute; sicuri al mondo. Si pu&oacute; andare in giro tranquillamente, sempre usando il buon senso di evitare luoghi troppo appartati e oscuri, come in qualsiasi posto del mondo. Quando sarete fuori dalle Case dove alloggiate, attenzione a macchine fotografiche, denaro, gioielli eccetera.</p>', '<p>Cuba es uno de los lugares m&aacute;s seguros del mundo. Pueden irse tranquilamente todo lado, usando siempre el sentido com&uacute;n para evitar lugares que sean demasiado oscuros y aislados, como en cualquier lugar del mundo. Cuando ustedes se encuentren fuera de las Casas donde se alojan, tienen que cuidar c&aacute;maras, dinero, joyas, etc.</p>', 7, '2012-10-25 13:35:30', 1),
(9, 'Cuba', 'Sono necessarie vaccinazioni?', '&iquest;Son necesarias algunas vacunaciones?', '<p>Nessuna vaccinazione &eacute; necessaria.</p>', '<p>No se requiere alguna vacunaci&oacute;n.</p>', 8, '2012-10-25 13:35:51', 1),
(10, 'Cuba', '&Eacute; necessaria un&rsquo;assicurazione di viaggio?', '&iquest;Se necesita un seguro de viaje?', '<p>S&iacute;, e il costo &eacute; di USD 2.50, al giorno e per persona. Vi sar&aacute; fornita al momento di comprare il volo. Non perdetela, o la dovrete ripagare.</p>', '<p>S&iacute;, y el costo es de USD 2,50 por d&iacute;a y por persona. Se le proporcionar&aacute; en el momento de la compra del pasaje. No se lo pierdan, o tendr&aacute;n que pagar otra vez.</p>', 9, '2012-10-25 13:36:08', 1),
(11, 'Cuba', 'Per visitare Cuba, occorre il visto d&rsquo;entrata?', 'Para visitar Cuba, es necesario el visado de entrada?', '<p>S&iacute;, e vi sar&aacute; fornito anch&rsquo;esso con il biglietto aereo. Raccomandazione: fate attenzione a non perderlo, perch&eacute; vi sar&aacute; richiesto all&rsquo;uscita dal Paese.</p>', '<p>S&iacute;, y ser&aacute; proporcionado con el pasaje aereo. Recomendaci&oacute;n: tengan cuidado de no perderlo, ya que se les pedir&aacute; a la salida del Pais.</p>', 10, '2012-10-25 13:36:27', 1),
(12, 'Yucatan', 'Quanti chili di bagaglio posso portare?', '&iquest;Cu&aacute;ntas libras de equipaje puedo llevar?', '<p>Quelli consentiti dalla vostra Compagnia aerea. Non portare &nbsp;liquidi contenuti in bottiglie&nbsp; o contenitori non sigillati.&nbsp;</p>', '<p>Los que les permite la aerol&iacute;nea. No transporten l&iacute;quidos en botellas o contenedores que no sean sellados.</p>', 11, '2012-11-01 16:52:37', 1),
(13, 'Yucatan', 'Quale moneta conviene portare?', '&iquest;Cual divisa conviene llevar?', '<p>Qualunque moneta, non ci sono restrizioni.&nbsp;</p>', '<p>Todas, no hay restricciones.</p>', 12, '2012-11-01 16:52:55', 1),
(14, 'Yucatan', 'Sono valide tutte le carte di credito?', 'Son validas todas las tarjetas de cr&eacute;dito?', '<p>S&iacute;, tutte.</p>', '<p>S&iacute;, todas.</p>', 23, '2012-11-01 16:53:27', 1),
(15, 'Yucatan', 'Che moneta &eacute; in uso in Messico?', '&iquest;Qu&eacute; moneda se utiliza en M&eacute;xico?', '<p>Il Peso messicano, che potete acquistare in qualsiasi Banca.</p>', '<p>El Peso mexicano, que se puede comprar en cualquier Banco.</p>', 19, '2012-11-01 16:53:45', 1),
(16, 'Yucatan', 'Dove posso cambiare il denaro?', '&iquest;D&oacute;nde puedo cambiar mi dinero?', '<p>In qualsiasi Banca, presentando il passaporto. Cambiate il denaro preferibilmente nelle banche, e non nei cambiavalute sulla strada: il cambio &eacute; pi&uacute; favorevole per voi. Potete consultare il cambio con l&rsquo;Euro o altre monete, come il Franco Svizzero, in qualsiasi sito specializzato in divise.&nbsp;Qui a fianco, trovate un bottone&nbsp;per verificare i cambi.</p>', '<p>En cualquier Banco, presentando el pasaporte. Cambien el dinero preferentemente en los Bancos, y no concambistas en la calle: el tipo de cambio es m&aacute;s favorable para ustedes. Ustedes pueden verificar el tipo de cambio con el euro u otras monedas, como el Franco Suizo, en cualquier sitio especializado en divisas. A la izquierda, se encuentra un bot&oacute;n para verificar los cambios.</p>', 13, '2012-11-01 16:54:03', 1),
(17, 'Yucatan', 'Yucat&aacute;n &eacute; un posto sicuro?', '&iquest;Yucat&aacute;n es un lugar seguro?', '<p>Assolutamente tranquillo e sicuro. Con le precauzioni che usereste in qualsiasi posto del mondo.</p>', '<p>Absolutamente tranquilo y seguro. Con las precauciones que usari&aacute;n en cualquier parte del mundo.</p>', 21, '2012-11-01 16:54:18', 1),
(18, 'Yucatan', 'Sono necessarie vaccinazioni?', 'Que vacunas se necesitan?', '<p>Nessuna vaccinazione &eacute; necessaria.</p>', '<p>No es necesaria alguna vacunaci&oacute;n.</p>', 15, '2012-11-01 16:54:33', 1),
(19, 'Yucatan', '&Eacute; necessaria un&rsquo;assicurazione di viaggio?', 'Se necesita un seguro de viaje?', '<p>Per quanto riguarda Cuba, &eacute; necessaria un''assicurazione sanitaria, che vi sar&aacute; fornita al momento dell''acquisto del biglietto aereo. Per Yucat&aacute;n, non &eacute; necessaria.</p>', '<p>Por Cuba, es necesario un seguro de salud, otorgada al momento de la compra del pasaje aereo. Por Yucat&aacute;n no es necesario.</p>', 16, '2012-11-01 16:54:48', 1),
(20, 'Yucatan', 'Per visitare lo Yucat&aacute;n, occorre il visto d&rsquo;entrata?', 'Para visitar la Pen&iacute;nsula de Yucat&aacute;n, es necesario el visado de entrada?', '<p>In linea generale, per gli Europei non serve il visto.</p>', '<p>En general, los europeos no necesitan visado.</p>', 31, '2012-11-01 16:55:06', 1),
(21, 'Cuba', 'Occorre pagare qualcosa in Aereoporto, all&#039;uscita dal Paese?', 'Hay que pagar algo en Aeropuerto, a la salida del Pa&iacute;s?', '<p>S&iacute;, dopo il check-in, e prima del controllo passaporti, bisogna pagare CUC 25 a persona come imposta aereoportuale.</p>', '<p>S&iacute;, despu&eacute;s del chequeo, y antes del control de pasaportes, hay que pagar 25 CUC por persona como tasa de Aeropuerto.</p>', 26, '2012-11-12 17:29:30', 1),
(22, 'General', 'In che modo possiamo ricevere assistenza  in caso di problemi? ', '&iquest;C&oacute;mo podemos obtener ayuda en caso de problemas?', '<p>Contattando direttamente gli amministratori del sito:</p>\r\n<p>&nbsp;</p>\r\n<p>&nbsp;Telefoni: 0052 999 2855910</p>\r\n<p>&nbsp;&nbsp;&nbsp;&nbsp;&nbsp;&nbsp;&nbsp;&nbsp;&nbsp;&nbsp;&nbsp;&nbsp;&nbsp;&nbsp;&nbsp; 0052 999 588175&nbsp;&nbsp;&nbsp;&nbsp;&nbsp;</p>\r\n<p>&nbsp;</p>\r\n<h3>&nbsp;&nbsp;&nbsp;&nbsp;&nbsp; <a href="mailto:umberto@cubayucatan.mx">umberto@cubayucatan.m</a>x &nbsp;<span style="color: #6666ff;">info@cubayucatan.com</span></h3>\r\n<h3>&nbsp;&nbsp;&nbsp;&nbsp;&nbsp; <a href="mailto:edelis@cubayucatan.mx">edelis@cubayucatan.mx</a></h3>\r\n<p>&nbsp;</p>\r\n<p>Comunque, per quanto riguarda Cuba, potete rivolgervi per qualsiasi problema ai gerenti delle Case, e avrete l&rsquo;assicurazione medica fin dalla partenza, all&rsquo;acquisto del biglietto aereo.</p>\r\n<p>In Yucat&aacute;n invece, sarete titolari di assicurazione personale, con telefono cellulare per mettervi in contatto con gli uffici predisposti.</p>', '<p>Contactando con los Administradores del sitio:</p>\r\n<p>&nbsp;</p>\r\n<p>&nbsp; Tel&eacute;fono: 0052 999 2855910</p>\r\n<p>&nbsp;&nbsp;&nbsp;&nbsp;&nbsp;&nbsp;&nbsp;&nbsp;&nbsp;&nbsp;&nbsp;&nbsp;&nbsp;&nbsp;&nbsp;&nbsp; 0052 999 588175</p>\r\n<p>&nbsp;</p>\r\n<p>&nbsp;&nbsp;&nbsp;&nbsp;&nbsp;&nbsp; umberto@cubayucatan.mx</p>\r\n<p>&nbsp;&nbsp;&nbsp;&nbsp;&nbsp;&nbsp; edelis@cubayucatan.mx</p>\r\n<p>&nbsp; &nbsp; &nbsp; &nbsp;info@cubayucatan.com</p>\r\n<p>&nbsp;</p>\r\n<p>En Cuba, podr&aacute;n recurrir a los due&ntilde;os de las Casas, y adem&aacute;s tendr&aacute;n el seguro m&eacute;dico, &nbsp;que les proporcionar&aacute;n al momento de comprar el apsaje aereo.</p>\r\n<p>En Yucat&aacute;n, tendr&aacute;n seguro personal y tel&eacute;fono mobil incluidos en los precios.</p>', 14, '2012-11-14 09:40:38', 1),
(23, 'General', 'Quando riceveremo il Voucher, dopo aver pagato?', 'Cuando recibiremos el Voucher (comprobante) despu&eacute;s de pagar?', '<p>Immediatamente dopo aver verificato l&rsquo;arrivo del pagamento, tenendo conto della differenza oraria con l&rsquo;Italia (7 ore), e all&rsquo;indirizzo di posta elettronica che ci invierete con la prenotazione.&nbsp;</p>', '<p>Inmediatamente despu&eacute;s de confirmar la llegada del pago, teniendo en cuenta la diferencia horaria (7 horas) para los clientes europeos, a la direcci&oacute;n de correo electr&oacute;nico que nos enviar&aacute;n con la reservaci&oacute;n.</p>', 18, '2012-11-14 09:41:42', 1),
(24, 'General', 'I prezzi possono subire modifiche con il variare dei cambi fra le monete?', '&iquest;Los precios est&aacute;n sujetos a modificaciones con los tipos de cambio entre las monedas?', '<p>S&iacute;, sia per quanto riguarda il Peso convertibile cubano che il Peso messicano. Modificheremo automaticamente i prezzi in caso di variazioni, sia in rialzo che in ribasso. Nel sito avete a disposizione un bottone cambiavalute.</p>', '<p>S&iacute;, tanto por el Peso cubano Convertible(CUC) que por el Peso mexicano(MXP). Modificaremos autom&aacute;ticamente los precios en caso de cambios. En el sitio hay un bot&oacute;n de cambio divisas.</p>', 25, '2012-11-14 09:42:14', 1),
(25, 'General', 'Dove si trova la Societ&aacute; che gestisce il sito?', '&iquest;D&oacute;nde est&aacute; la Compa&ntilde;&iacute;a que administra el sitio?', '<p>La Societ&aacute; &eacute; la NUOVA G&Eacute;NESIS SRL de CV, Calle 70 n. 581/A, por 77&nbsp; y&nbsp; 79, M&eacute;rida Centro, Yucat&aacute;n, M&eacute;xico</p>\r\n<p>La societ&aacute; &eacute; regolarmente registrata presso le seguenti Istituzioni messicane:</p>\r\n<p>Secretar&iacute;a de Hacienda, con il Codice RFC ( Partita IVA ): NGE 080305 ETA</p>\r\n<p>Secretar&iacute;a de Turismo de Yucat&aacute;n.</p>\r\n<p>Ayuntamiento de la Ciudad de M&eacute;rida.</p>', '<p>La Compa&ntilde;&iacute;a es la NUOVA G&Eacute;NESIS&nbsp;SRL de CV, Calle 70 no. 581/A, Por 77 y 79, M&eacute;rida Centro, Yucat&aacute;n, M&eacute;xico</p>\r\n<p>La Compa&ntilde;&iacute;a se ha registrado en las siguientes Organizaciones P&uacute;blicas en M&eacute;xico:</p>\r\n<p>Secretar&iacute;a de Hacienda, con RFC (P. IVA): NGE 080305 ETA</p>\r\n<p>Secretar&iacute;a de Turismo de Yucat&aacute;n.</p>\r\n<p>Ayuntamiento de la Ciudad de M&eacute;rida.</p>', 27, '2012-11-14 09:42:38', 1),
(26, 'General', 'Chi sono e dove vivono gli Amministratori della Societ&aacute; e del sito?', '&iquest;Qui&eacute;nes son y d&oacute;nde viven, los Administradores de la Sociedad y de su sitio?', '<p>Gli Amministratori sono:</p>\r\n<p>Edelis Albolaez Valdivia, Umberto Fioroni y Pepe Rodriguez</p>\r\n<p>Edelis &eacute; cubana e Umberto vive da molti anni a Cuba e in Yucat&aacute;n, all&rsquo;indirizzo della Societ&aacute; che trovate qui sopra</p>\r\n<p>Pepe Rodriguez &eacute; yucateco e vive en M&eacute;rida.</p>', '<p>Los Administradores son:</p>\r\n<p>Edelis Albolaez Valdivia, Umberto Fioroni y Pepe Rodriguez</p>\r\n<p>Edelis es cubana y Umberto vive desde muchos a&ntilde;os en Cuba y Yucat&aacute;n.</p>\r\n<p>Pepe Rodriguez es yucateco, y vive en M&eacute;rida</p>', 17, '2012-11-14 09:43:13', 1),
(27, 'General', 'Che cosa significa Mayataan  e  Mayakot?', '&iquest;Qu&eacute; significan las palabras Mayataan y Mayakot? Y Ek Balam?', '<p>Mayataan significa Casa dei Maya, e Mayakot&nbsp; Confine dei Maya. Ek Balam significa Giaguaro Nero.</p>', '<p>Mayataan significa Casa de los Mayas, y &nbsp;Mayakot Frontera de los Mayas. Ek Balam significa Jaguar Negro.</p>', 24, '2012-11-14 09:43:31', 1),
(29, 'General', 'Che cosa sono le Casas Particulares?', '&iquest;Qu&eacute; son las Casas Particulares?', '<p>Sono Case Private di famiglie cubane, che hanno chiesto e ottenuto dal governo la licenza per affittare stanze ai turisti</p>', '<p>Son las viviendas particulares de familias cubanas, que han solicitado y obtenido del Gobierno una licencia para alquilar habitaciones a los turistas.</p>', 20, '2012-11-14 09:44:17', 1),
(30, 'General', 'Quali  forme di pagamento  accettate? E con quali modalit&aacute;?', '&iquest;Qu&eacute; formas de pago acepta cubayucatan.com? &iquest;Y en qu&eacute; modalidades?', '<p>Si accettano pagamenti con Bonifico Bancario, con carta di credito o con Pay Pal.&nbsp; I dettagli si trovano nella descrizione delle offerte turistiche.</p>', '<p>Aceptamos el pago por transferencia bancaria, tarjeta de cr&eacute;dito o Pay Pal. Los detalles se pueden encontrar en las descripciones &nbsp;de las ofertas tur&iacute;sticas.</p>', 30, '2012-11-14 09:44:36', 1),
(31, 'General', 'Che vantaggi ricavo dalla permanenza in Casas Particulares rispetto agli Alberghi?', 'Porqu&eacute; es mejor quedarse en Casas Particulares que en los Hoteles?', '<p>Le Casas Particulares sono molto pi&uacute; a buon mercato degli Alberghi.</p>\r\n<p>Inoltre, offrono lo splendido vantaggio di farvi vivere a stretto contatto con la vita quotidiana dei cubani, sia della famiglia che vi ospita che dei loro amici e vicini di quartiere.</p>\r\n<p>Non sono necessarie mance (se l&rsquo;iniziativa verr&aacute; da voi, ovviamente sar&aacute; ben accetta)</p>\r\n<p>I gerenti delle Case sono molto gentili e selezionati in anni di lavoro. Curano in modo speciale la pulizia e sono disponibili ad aiutarvi in qualsiasi modo in caso sorgessero problemi.</p>', '<p>Las Casas Particulares son mucho m&aacute;s baratas que los Hoteles.</p>\r\n<p>Tambi&eacute;n ofrecen la maravillosa&nbsp;ventaja &nbsp;de vivir en estrecho contacto con la vida cotidiana de los cubanos, tanto de la familia que les va a hospedar que de sus amigos y &nbsp;vecinos.</p>\r\n<p>Las propinas no son necesarias (si la iniciativa vendr&aacute; a ustedes, por supuesto, ser&aacute;n bienvenidas)</p>\r\n<p>Los due&ntilde;os de las Casas de &nbsp;nuestro programa son muy agradables, y han sido seleccionados en a&ntilde;os de trabajo. Cuidan de una manera especial la limpieza y est&aacute;n disponibles para ayudar en todo los problemas que puedan surgir.</p>', 28, '2012-11-14 09:44:55', 1),
(32, 'General', 'Quali  sono i vostri dati bancari?', '&iquest;Cu&aacute;les son sus datos bancarios?', '<p>Umberto Fioroni<br />Banco: Scotiabank<br />Sucursal: 001, Plaza 170, M&eacute;rida, Yucat&aacute;n, M&eacute;xico<br />Cuenta: 17001027751<br />Codigo Swift: MBCOMXMM</p>', '<p>Umberto Fioroni<br />Banco: Scotiabank<br />Sucursal: 001, Plaza 170, M&eacute;rida, Yucat&aacute;n, M&eacute;xico<br />Cuenta: 17001027751<br />Codigo Swift: MBCOMXMM</p>', 29, '2012-11-23 12:42:27', 1);

-- --------------------------------------------------------

--
-- Estructura de tabla para la tabla `legal`
--

CREATE TABLE IF NOT EXISTS `legal` (
  `id` int(10) unsigned NOT NULL auto_increment,
  `descripcion_ita` text,
  `descripcion_esp` text,
  `created` datetime default NULL,
  PRIMARY KEY  (`id`)
) ENGINE=MyISAM  DEFAULT CHARSET=utf8 AUTO_INCREMENT=2 ;

--
-- Volcado de datos para la tabla `legal`
--

INSERT INTO `legal` (`id`, `descripcion_ita`, `descripcion_esp`, `created`) VALUES
(1, '<h2>1&nbsp;&nbsp;&nbsp; Accettazione delle condizioni</h2>\r\n<p>Visita e/o accesso al sito web: www.cubayucatan.com&nbsp;sono scelte volontarie, e chi accede viene qui chiamato Utente. Come tale, per il semplice fatto di accedere al sito web <a href="http://www.cubayucatan.com/">www.cubayucatan.com</a>, di propriet&aacute; esclusiva di <strong>NUOVA G&Eacute;NESIS SRL de CV,</strong> M&eacute;rida, Yucat&aacute;n, M&eacute;xico, qui di seguito chiamata <strong>NG</strong>, l&rsquo;Utente accetta le condizioni qui presenti e quelle che in qualsiasi momento la direzione <strong>NG</strong> ritenga opportuno inserire in futuro, ragion per cui l&rsquo;Utente dovr&aacute; leggere attentamente e accettare senza alcun tipo di riserva questo Avviso Legale, prima di navigare al suo interno, utilizzarlo, prenderne visione, acquistarne i servizi &nbsp;ecc.</p>\r\n<p><strong>NG</strong> dichiara e si riserva il diritto di cambiare questo Avviso Legale, in obbedienza a nuove leggi o in seguito a decisioni dell&rsquo;Azienda di modificare strategia, condotta commerciale, modalit&aacute; di connessione con altri siti ecc, decisioni prese senza alcun tipo di &nbsp;restrizione, in qualsiasi momento e in tutti gli aspetti contemplati in questo Avviso.</p>\r\n<h2>2 &nbsp;Sito web&nbsp;&nbsp;&nbsp;&nbsp; &nbsp;</h2>\r\n<p><strong>NG</strong>, attraverso il suo sito <a href="http://www.cubayucatan.com/">www.cubayucatan.com</a>, diffonde&nbsp; ai suoi Clienti e Utenti informazioni&nbsp; di qualsiasi tipo, note, immagini, videos, servizi ecc. in forma gratuita e piacevole, certa di far opera gradita a tutti nell&rsquo;informare sui contenuti, sia di carattere turistico che culturale.</p>\r\n<p>Se <strong>NG </strong>accetter&aacute; connessioni(links) con altre pagine web, non potr&aacute; essere ritenuta responsabile dei contenuti delle stesse che non sia in grado di controllare direttamente. Se <strong>NG</strong> lo riterr&aacute; opportuno, potr&aacute; annullare le connessioni che presentino carattere razzista, xenofobo, violento, o in qualsiasi modo illegale e contro le leggi comunemente accettate del vivere civile. L&rsquo;Utente accetta che <strong>NG</strong> si riservi il diritto in qualsiasi momento di cambiare o annullare temporaneamente una o pi&uacute; pagine disponibili, senza avviso e declinando ogni responsabilit&aacute;, senza responsabilizzarsi in alcun modo per il mancato adeguamento di dati e informazioni che si trovino nel sito.</p>\r\n<p>&nbsp;</p>\r\n<h2>3&nbsp; Propriet&aacute; intellettuale &nbsp;</h2>\r\n<p>L&rsquo;utente si dichiara informato del fatto che <em>qualsiasi </em>contenuto del sito <a href="http://www.cubayucatan.com/">www.cubayucatan.com</a>, materiali, testo, immagini, videos, servizi, ogni cosa ivi contenuta sono di propriet&aacute; esclusiva di <strong>NG, </strong>facendo salvo naturalmente tutto ci&oacute; che si riferisca a altre pagine o ipervincoli. Quindi, l&rsquo;Utente pu&oacute; solamente visualizzare&nbsp; i contenuti e scaricare in un solo computer &nbsp;una copia dei materiali contenuti, per suo uso personale e privato, essendo assolutamente&nbsp; escluso ogni uso commerciale (o di divulgazione pubblica non commerciale senza il permesso scritto di <strong>NG</strong>)rispettando quindi in tutti i modi la normativa vigente sulla propriet&aacute; intellettuale e industriale.</p>\r\n<p><strong>&nbsp;</strong></p>\r\n<h2>4&nbsp; Autorizzazioni per connessioni con altre pagine e siti web</h2>\r\n<p>&nbsp;</p>\r\n<p><strong>NG</strong> autorizza la connessione del suo sito con altre pagine e siti web, si augura di realizzarle, sempre e quando esista un reciproco interesse e alle seguenti condizioni:</p>\r\n<p>A &nbsp;&nbsp;Che tale connessione non sottintenda alcuna relazione commerciale, di rappresentanza, distribuzione di servizi, concessione di alcun diritto,&nbsp; succursalit&aacute;, &nbsp;ecc.</p>\r\n<p>B &nbsp;Che rimanga estremamente chiaro che ogni contenuto del sito web <a href="http://www.cubayucatan.com/">www.cubayucatan.com</a>&nbsp; rimane propriet&aacute; esclusiva di <strong>NG.</strong></p>\r\n<p>C &nbsp;Che da parte di chiunque non si fornisca un&rsquo;immagine falsa di <a href="http://www.cubayucatan.com/">www.cubayucatan.com</a> o di <strong>NG</strong>, diffamante, insultante, in malafede, ironica ecc.</p>\r\n<p>D&nbsp;&nbsp; &nbsp;Che non si stabiliscano connessioni con siti o pagine web che presentino, o anche solo richiamino, in forma esplicita o meno, contenuti razzisti, xenofobi,&nbsp; violenti, &nbsp;o in qualsiasi modo illegali e contro le leggi comunemente accettate del vivere civile.&nbsp;</p>\r\n<p>&nbsp;</p>\r\n<h2>5&nbsp; Del buon uso del sito di NG e relative responsabilit&aacute;</h2>\r\n<p>&nbsp;</p>\r\n<p>Buona fede, relazioni civili fra individui e Aziende, aliene da qualsiasi tentativo di illecita appropriazione, inganno, sottrazione di diritti di chiunque, danni a chiunque, ecc, sono i principi etici cui <strong>NG</strong>&nbsp;far&aacute; sempre riferimento nella sua attuazione. Sono quindi tassativamente proibite ogni &nbsp;attivit&aacute; e attuazioni che colpiscano&nbsp; legalit&aacute; e diritti di chiunque, anche di terzi, e nella fattispecie:</p>\r\n<p>A&nbsp;&nbsp; &nbsp;Attuare in rete o attraverso di essa e in qualunque modo in maniera tale da procurare danni al sistema di <strong>NG</strong> o di chiunque.</p>\r\n<p>B &nbsp; Attuare con spamming o inviando messaggi con il fine di bloccare i servitori della rete.</p>\r\n<p>C<strong>&nbsp; NG</strong> non si far&aacute; responsabile di alcun atto illegale, o scorretto, non accettabile, o contrario alle buone norme del vivere civile, che uno o pi&uacute; Utenti possano fare di contenuti o materiali che appaiono nel suo sito, n&eacute; di danni che possano loro derivare, durante le visite al suo sito, per l&rsquo;interruzione o per il cattivo funzionamento del servizio di fornitura di energia elettrica;&nbsp; per danni causati da motivi di forza maggiore; o per intervento di terzi; o per intervento dei pubblici poteri; o per saturazione del sito; o interventi di chiunque, in buona o cattiva fede. Tutto ci&oacute; ovviamente anche in caso di danni agli strumenti elettronici di navigazione dell&rsquo;Utenza, o di qualsiasi altro tipo.</p>\r\n<p><strong>&nbsp;</strong></p>\r\n<h2>6&nbsp; Protezione dei dati</h2>\r\n<p>&nbsp;</p>\r\n<p>Nonostante NUOVA G&Eacute;NESIS SRL de CV, proprietaria del sito <a href="http://www.cubayucatan.com/">www.cubayucatan.com</a>, sia un&rsquo;Azienda di diritto messicano, dichiara di adeguarsi strettamente alla normativa italiana sul Trattamento dei dati personali, ai sensi dell&rsquo;art. 13 del D. Lgs. N. 196/2003.</p>\r\n<p>L&rsquo;Utente si dichiara informato che si possono realizzare studi statistici per un migliore funzionamento del sito, per&oacute; anonimi e senza dati personali.</p>\r\n<p>I dati personali di ogni tipo non potranno essere raccolti in alcuna base di dati, a parte che nella posta elettronica.</p>\r\n<p>&nbsp;</p>\r\n<h2>7&nbsp; Giurisdizione applicabile</h2>\r\n<p>&nbsp;</p>\r\n<p>Le condizioni generali qui espresse, si reggono sulla legislazione messicana. L&rsquo;utente del sito le accetta espressamente, e accetta anche che qualsiasi controversia che si riferisca all&rsquo;uso di questo sito web si risolver&aacute; atttraverso le leggi in vigore nel luogo di residenza dell&rsquo;Azienda proprietaria del sito stesso, nell&rsquo;ambito territoriale yucateco, rinunciando l&rsquo;utente a ricorrere a qualsiasi altra giurisdizione.</p>', '<h2>1 Aceptaci&oacute;n de las condiciones</h2>\r\n<p>Visita y / o acceso a la p&aacute;gina web: www.cubayucatan.com son opciones voluntarias, y el que acceden se llama aqu&iacute; <strong>Usuario.</strong> Como tal, por el simple hecho de acceder al sitio web &nbsp;www.cubayucatan.com, propiedad exclusiva de <strong>NUOVA G&Eacute;NESIS SRL de CV</strong>, M&eacute;rida, Yucat&aacute;n, M&eacute;xico, en adelante<strong> NG,</strong> usted est&aacute; de acuerdo con los t&eacute;rminos aqu&iacute; presentes y los que en cualquier momento la direcci&oacute;n de&nbsp;<strong>NG</strong> considere oportuno incluir en el futuro, por lo que usted debe leer detenidamente y aceptar sin reservas el presente Aviso Legal antes de navegar a trav&eacute;s del sitio, usarlo, examinarlo, comprar su servicios, etc.</p>\r\n<p><strong>NG</strong> declara y se reserva el derecho a modificar el presente Aviso Legal, en obediencia a las novedades legislativas o como resultado de las decisiones de la Empresa a cambiar de estrategia, la conducta empresarial, el modo de conexi&oacute;n a sitios, etc, &nbsp;decisiones tomadas sin ning&uacute;n tipo de restricci&oacute;n, en cualquier momento y en todos los aspectos mencionados en este Aviso.</p>\r\n<h2>2 Sitio Web</h2>\r\n<p><strong>NG,</strong> a trav&eacute;s de su sitio web www.cubayucatan.com, difunde a sus Clientes y Usuarios informaciones de todo tipo, notas, im&aacute;genes, videos, etc servicios, gratis y de forma agradable, con la certeza que gustar&aacute; a todos el trabajo de explicaci&oacute;n de los contenidos, sea con caracter&iacute;sticas &nbsp;turisticas o culturales.</p>\r\n<p>Si <strong>NG</strong>&nbsp;tendr&aacute; enlaces (links) con otras p&aacute;ginas web, no se hace responsable por el contenido de p&aacute;ginas que no puede controlar directamente. &nbsp;Cuando lo considere conveniente, <strong>NG</strong>&nbsp;podr&aacute; cancelar las conexiones que le parezcan racistas, xen&oacute;fobos, violentos, homof&oacute;bicos, ecc o de cualquier manera ilegales y en contra de las leyes generalmente aceptadas de la vida civilizada. El Usuario acepta que <strong>NG</strong>&nbsp;se reserve el derecho en cualquier momento de cambiar o cancelar una o m&aacute;s p&aacute;ginas disponibles, sin previo aviso y sin incurrir en responsabilidades, sin de ninguna manera asumir la responsabilidad por la falta de adaptaci&oacute;n de los datos y de la informaci&oacute;n encontrada en el sitio.</p>\r\n<p>&nbsp;</p>\r\n<h2>3 Propiedad Intelectual</h2>\r\n<p>El usuario queda notificado de que cualquier contenido del sitio www.cubayucatan.com, materiales, texto, im&aacute;genes, videos, servicios, todo lo contenido en este documento son propiedad exclusiva de<strong> NG,</strong> sin perjuicio, por supuesto, de todo lo que se relaciona con otro p&aacute;ginas, hiperv&iacute;nculos o links. Por lo tanto, el <strong>Usuario</strong>&nbsp;puede s&oacute;lo ver el contenido y descargar en una sola computadora una copia del material para su uso personal y privado, siendo estrictamente excluido cualquier uso comercial (o divulgaci&oacute;n p&uacute;blica no comercial sin el permiso escrito de <strong>NG</strong>) respetando entonces por todos los medios la legislaci&oacute;n vigente en materia de propiedad intelectual y industrial.</p>\r\n<p>&nbsp;</p>\r\n<h2>4 Autorizaci&oacute;n para conexiones a otras p&aacute;ginas y sitios web</h2>\r\n<p><strong>NG</strong> permite la conexi&oacute;n de su sitio web a otras p&aacute;ginas y sitios web y aboga por su realizaci&oacute;n, siempre y cuando exista un inter&eacute;s mutuo y con las siguientes condiciones:</p>\r\n<p>A &nbsp; &nbsp;que tal conexi&oacute;n no implica ninguna relaci&oacute;n de car&aacute;cter comercial, representaci&oacute;n, distribuci&oacute;n de servicios, concesi&oacute;n de derechos, succursalit&aacute;, etc.</p>\r\n<p>B &nbsp; &nbsp;Lo que queda muy claro que cualquier contenido de este sitio web es propiedad exclusiva de www.cubayucatan.com NG.</p>\r\n<p>C &nbsp; Que de parte de cualquier persona &nbsp;no se proporcione una imagen falsa de www.cubayucatan.com o de <strong>NG</strong>, difamatorio, insultante, falso, ir&oacute;nico ecc</p>\r\n<p>D &nbsp; Qu&eacute; no se establezcan conexiones con sitios o p&aacute;ginas web que presenten, o incluso recuerden, de manera expl&iacute;cita o no, contenidos xen&oacute;fobos, violentos, racistas, homof&oacute;bicos, ecc o de cualquier manera ilegales y en contra de las leyes generalmente aceptadas de la vida civilizada.</p>\r\n<p>&nbsp;</p>\r\n<h2>5 Por el buen uso del sitio de NG y &nbsp;responsabilidades</h2>\r\n<p>&nbsp;</p>\r\n<p>La buena fe, las relaciones civiles entre particulares y empresas, alejadas de cualquier intento de apropiaci&oacute;n indebida, estafa, apropiaci&oacute;n indebida de los derechos de cualquier persona, el da&ntilde;o a nadie, etc, son los principios &eacute;ticos que <strong>NG</strong>&nbsp;tiene y a los cuales siempre har&aacute; referencia en su aplicaci&oacute;n. Por lo tanto, est&aacute; terminantemente prohibida cualquier actividad e implementaciones que afectan a la legalidad y los derechos de cualquier persona, incluso a terceros, y en particular:</p>\r\n<p>A &nbsp;Implementaciones en red o a trav&eacute;s de ella &nbsp;que de cualquier manera provoquen da&ntilde;os en el sistema de <strong>NG</strong> o cualquiera.</p>\r\n<p>B &nbsp;Actuar con spam o env&iacute;o de mensajes con el fin de bloquear los servidores de la red.</p>\r\n<p>C &nbsp;<strong>NG</strong> no tendr&aacute; responsabilidad por cualquier actuaci&oacute;n ilegal, incorrecta o no aceptable, o contraria a la decencia del buen vivir civilizado, que uno o m&aacute;s Usuarios puedan hacer de contenidos o &nbsp;materiales que aparezcan en su sitio o de perjuicios que pudieran derivar, durante las visitas a su sitio, por interrupciones o mal funcionamiento del servicio de suministro de electricidad, de los da&ntilde;os causados por fuerza mayor, o por una intervenci&oacute;n de terceros, o &nbsp;intervenci&oacute;n de las autoridades p&uacute;blicas, o de &nbsp;saturaci&oacute;n del sitio, o acciones de cualquier persona, de buena o mala fe. Todo esto, por supuesto, tambi&eacute;n en el caso de da&ntilde;os a los medios electr&oacute;nicos de navegaci&oacute;n del usuario, o de cualquier otro tipo.</p>\r\n<p>&nbsp;</p>\r\n<h2>6 Protecci&oacute;n de datos</h2>\r\n<p>&nbsp;</p>\r\n<p>A pesar que <strong>NUOVA GENESIS SRL de CV,</strong> propietaria de la p&aacute;gina web www.cubayucatan.com sitio, sea una sociedad que se rige por la legislaci&oacute;n mexicana, declara cumplir estrictamente con la legislaci&oacute;n sea mexicana que italiana sobre el tratamiento de datos personales, de conformidad, en el caso de legislaci&oacute;n italiana, con el art. 13 D. Decreto No. 196/2003.</p>\r\n<p>El<strong> Usuario</strong> queda informado de que se puedan hacer estudios estad&iacute;sticos para un mejor funcionamiento del sitio, aunque an&oacute;nimo y sin datos de car&aacute;cter personal.</p>\r\n<p>Los datos personales de cualquier tipo no pueden ser recogidos en cualquier base de datos, excepto que en el correo.</p>\r\n<p>&nbsp;</p>\r\n<h2>7 Ley aplicable y jurisdicci&oacute;n</h2>\r\n<p>&nbsp;</p>\r\n<p>Los t&eacute;rminos y condiciones establecidos en este documento, se rigen por la legislaci&oacute;n mexicana. El <strong>Usuario</strong> del sitio expresamente reconoce y acepta que cualquier controversia que se refiere al uso de este sitio web ser&aacute; resuelta atttraverso las leyes vigentes en el lugar de residencia de la Empresa que posee el sitio, en territorio yucateco, renunciando el <strong>Usuario</strong> a recurrir a cualquier otra jurisdicci&oacute;n.</p>', '2012-10-25 13:39:43');

-- --------------------------------------------------------

--
-- Estructura de tabla para la tabla `orders`
--

CREATE TABLE IF NOT EXISTS `orders` (
  `id` int(10) unsigned NOT NULL auto_increment,
  `pack_id` int(10) unsigned NOT NULL,
  `nombre` varchar(255) NOT NULL,
  `apellidos` varchar(255) NOT NULL,
  `email` varchar(255) NOT NULL,
  `forma_pago` enum('deposito','online') NOT NULL,
  `amt` decimal(10,2) NOT NULL,
  `status` varchar(255) NOT NULL,
  `hab` int(11) default NULL,
  `num_personas` int(11) default NULL,
  `opcion` varchar(255) default NULL,
  `arrival` date default NULL,
  `retorno` date default NULL,
  `opcion_llegada_yucatan` enum('no','si','si_independiente') default NULL,
  `taxi_arribo` date default NULL,
  `taxi_hora` time default NULL,
  `taxi_num_vuelo` varchar(255) default NULL,
  `taxi_linea_aerea` varchar(255) default NULL,
  `taxi_hab` int(11) default NULL,
  `taxi_nombre_hotel` varchar(255) default NULL,
  `taxi_direccion_hotel` varchar(255) default NULL,
  `opc_16` tinyint(1) default NULL,
  `opc_15` tinyint(1) default NULL,
  `opc_13` tinyint(1) default NULL,
  `opc_12` tinyint(1) default NULL,
  `opc_11` tinyint(1) default NULL,
  `opc_10` tinyint(1) default NULL,
  `opc_9` tinyint(1) default NULL,
  `con_cena` tinyint(1) default '0',
  `havana_arrival` date default NULL,
  `havana_days` int(11) default NULL,
  `pinar_del_rio_arrival` date default NULL,
  `pinar_del_rio_days` int(11) default NULL,
  `cienfuegos_arrival` date default NULL,
  `cienfuegos_days` int(11) default NULL,
  `trinidad_arrival` date default NULL,
  `trinidad_days` int(11) default NULL,
  `santa_clara_arrival` date default NULL,
  `santa_clara_days` int(11) default NULL,
  `camaguey_arrival` date default NULL,
  `camaguey_days` int(11) default NULL,
  `baracoa_arrival` date default NULL,
  `baracoa_days` int(11) default NULL,
  `bayamo_arrival` date default NULL,
  `bayamo_days` int(11) default NULL,
  `santiago_de_cuba_arrival` date default NULL,
  `santiago_de_cuba_days` int(11) default NULL,
  `havana_arrival2` date default NULL,
  `havana_days2` int(11) default NULL,
  `created` datetime default NULL,
  PRIMARY KEY  (`id`)
) ENGINE=MyISAM  DEFAULT CHARSET=utf8 AUTO_INCREMENT=1206 ;

--
-- Volcado de datos para la tabla `orders`
--

INSERT INTO `orders` (`id`, `pack_id`, `nombre`, `apellidos`, `email`, `forma_pago`, `amt`, `status`, `hab`, `num_personas`, `opcion`, `arrival`, `retorno`, `opcion_llegada_yucatan`, `taxi_arribo`, `taxi_hora`, `taxi_num_vuelo`, `taxi_linea_aerea`, `taxi_hab`, `taxi_nombre_hotel`, `taxi_direccion_hotel`, `opc_16`, `opc_15`, `opc_13`, `opc_12`, `opc_11`, `opc_10`, `opc_9`, `con_cena`, `havana_arrival`, `havana_days`, `pinar_del_rio_arrival`, `pinar_del_rio_days`, `cienfuegos_arrival`, `cienfuegos_days`, `trinidad_arrival`, `trinidad_days`, `santa_clara_arrival`, `santa_clara_days`, `camaguey_arrival`, `camaguey_days`, `baracoa_arrival`, `baracoa_days`, `bayamo_arrival`, `bayamo_days`, `santiago_de_cuba_arrival`, `santiago_de_cuba_days`, `havana_arrival2`, `havana_days2`, `created`) VALUES
(1, 5, 'Daniel', 'Portales', 'dportalesr@gmail.com', 'deposito', '2258.00', 'Pendiente', NULL, 865, NULL, '2012-11-06', '2012-11-15', NULL, '2012-11-08', '18:57:00', '77777777', 'Fulana', NULL, NULL, NULL, 1, 1, 0, 0, 0, 0, 0, 0, NULL, NULL, NULL, NULL, NULL, NULL, NULL, NULL, NULL, NULL, NULL, NULL, NULL, NULL, NULL, NULL, NULL, NULL, NULL, NULL, '2012-11-27 18:57:56'),
(1200, 3, 'Daniel', 'Portales', 'dportalesr@gmail.com', 'deposito', '1566.00', 'Pendiente', 3, NULL, '522', '2012-11-05', '2012-11-14', NULL, '2012-11-07', '19:02:00', '77777', 'Fulana', NULL, NULL, NULL, NULL, NULL, NULL, NULL, NULL, NULL, NULL, 0, NULL, NULL, NULL, NULL, NULL, NULL, NULL, NULL, NULL, NULL, NULL, NULL, NULL, NULL, NULL, NULL, NULL, NULL, NULL, NULL, '2012-11-27 19:02:22'),
(1201, 3, 'Melissa', 'Moreno', 'melissa@pulsem.mx', 'deposito', '340.00', 'Pendiente', 1, NULL, '340', '2012-12-03', '2012-12-12', NULL, '2012-12-03', '15:45:00', '123456', 'cubana de aviacion', NULL, NULL, NULL, NULL, NULL, NULL, NULL, NULL, NULL, NULL, 0, NULL, NULL, NULL, NULL, NULL, NULL, NULL, NULL, NULL, NULL, NULL, NULL, NULL, NULL, NULL, NULL, NULL, NULL, NULL, NULL, '2012-11-29 15:47:07'),
(1202, 3, 'pepe', 'Rodriguez', 'pepe@pulsem.mx', 'deposito', '340.00', 'Pendiente', 1, NULL, '340', '2012-12-01', '2012-12-10', NULL, '2012-12-01', '16:24:00', '12', 'mex', NULL, NULL, NULL, NULL, NULL, NULL, NULL, NULL, NULL, NULL, 0, NULL, NULL, NULL, NULL, NULL, NULL, NULL, NULL, NULL, NULL, NULL, NULL, NULL, NULL, NULL, NULL, NULL, NULL, NULL, NULL, '2012-11-29 16:25:59'),
(1203, 3, 'Daniel', 'Portales', 'dportalesr@gmail.com', 'deposito', '680.00', 'Pendiente', 2, NULL, '340', '2012-11-14', '2012-11-23', NULL, '2012-11-21', '09:21:00', '21312312', 'Compa&ntilde;&iacute;a', NULL, NULL, NULL, NULL, NULL, NULL, NULL, NULL, NULL, NULL, 0, NULL, NULL, NULL, NULL, NULL, NULL, NULL, NULL, NULL, NULL, NULL, NULL, NULL, NULL, NULL, NULL, NULL, NULL, NULL, NULL, '2012-11-29 17:22:22'),
(1204, 1, 'Daniel', 'Portales', 'dportalesr@gmail.com', 'deposito', '2952.00', 'Pendiente', 3, NULL, '984', '2012-11-06', '2012-11-15', NULL, '2012-11-15', '17:24:00', 'sdjsanjdk', 'nasjknd jasnk', NULL, NULL, NULL, NULL, NULL, NULL, NULL, NULL, NULL, NULL, 0, NULL, NULL, NULL, NULL, NULL, NULL, NULL, NULL, NULL, NULL, NULL, NULL, NULL, NULL, NULL, NULL, NULL, NULL, NULL, NULL, '2012-11-29 17:25:17'),
(1205, 3, 'EDELIS', 'ALBOLAEZ', 'edelis@hotmail.com', 'deposito', '522.00', 'Pendiente', 1, NULL, '522', '2012-12-04', '2012-12-13', NULL, '2012-12-04', '13:53:00', '3456', 'cxubana ', NULL, NULL, NULL, NULL, NULL, NULL, NULL, NULL, NULL, NULL, 0, NULL, NULL, NULL, NULL, NULL, NULL, NULL, NULL, NULL, NULL, NULL, NULL, NULL, NULL, NULL, NULL, NULL, NULL, NULL, NULL, '2012-11-30 13:58:15');

-- --------------------------------------------------------

--
-- Estructura de tabla para la tabla `packimgs`
--

CREATE TABLE IF NOT EXISTS `packimgs` (
  `id` int(10) unsigned NOT NULL auto_increment,
  `pack_id` int(10) unsigned default NULL,
  `src` varchar(255) NOT NULL,
  `portada` tinyint(1) default '0',
  `descripcion_ita` text,
  `descripcion_esp` text,
  `orden` int(10) unsigned default '0',
  `created` datetime default NULL,
  PRIMARY KEY  (`id`)
) ENGINE=MyISAM  DEFAULT CHARSET=utf8 AUTO_INCREMENT=47 ;

--
-- Volcado de datos para la tabla `packimgs`
--

INSERT INTO `packimgs` (`id`, `pack_id`, `src`, `portada`, `descripcion_ita`, `descripcion_esp`, `orden`, `created`) VALUES
(35, 6, 'upload/ekbalamaldeacommaya13518152681.jpg', 0, '', '', 14, '2012-11-01 18:14:28'),
(34, 6, 'upload/adscf375613518151241.jpg', 0, '', '', 13, '2012-11-01 18:12:04'),
(33, 6, 'upload/tulum13518147461.jpg', 1, '', '', 12, '2012-11-01 18:05:46'),
(32, 1, 'upload/santiago2.jpg', 0, NULL, NULL, 11, '2012-10-31 17:57:03'),
(30, 1, 'upload/capitolio13517278231.jpg', 0, NULL, NULL, 9, '2012-10-31 17:57:03'),
(31, 1, 'upload/plazamayor.jpg', 0, NULL, NULL, 10, '2012-10-31 17:57:03'),
(29, 1, 'upload/camaguey113517278231.jpg', 0, NULL, NULL, 8, '2012-10-31 17:57:03'),
(28, 1, 'upload/baracoa3824d9f673099a26.jpg', 1, NULL, NULL, 7, '2012-10-31 17:57:03'),
(27, 2, 'upload/trinidadcalledepiedra.jpg', 0, NULL, NULL, 6, '2012-10-31 17:49:56'),
(26, 2, 'upload/plazadearmas.jpg', 0, NULL, NULL, 5, '2012-10-31 17:49:56'),
(25, 2, 'upload/cienfuegoscentro.jpg', 1, NULL, NULL, 4, '2012-10-31 17:49:56'),
(24, 3, 'upload/plazadelacatedral.jpg', 0, NULL, NULL, 3, '2012-10-31 16:52:10'),
(23, 3, 'upload/habanacentro.jpg', 0, NULL, NULL, 2, '2012-10-31 16:52:10'),
(22, 3, 'upload/habana_museo_de_bellas_artes13517239301.jpg', 1, NULL, NULL, 1, '2012-10-31 16:52:10'),
(36, 6, 'upload/izamal13518153971.jpg', 0, NULL, NULL, 15, '2012-11-01 18:16:37'),
(37, 4, 'upload/baracoa13522392951.jpg', 0, '', '', 16, '2012-11-06 16:01:35'),
(38, 4, 'upload/bayamo.jpg', 1, '', '', 17, '2012-11-06 16:01:35'),
(39, 4, 'upload/camaguey13522392951.jpg', 0, '', '', 18, '2012-11-06 16:01:35'),
(40, 4, 'upload/cienfuegos13522392951.jpg', 0, '', '', 19, '2012-11-06 16:01:35'),
(41, 4, 'upload/havana13522392951.jpg', 0, '', '', 20, '2012-11-06 16:01:35'),
(42, 4, 'upload/pinar.jpg', 0, '', '', 21, '2012-11-06 16:01:35'),
(43, 4, 'upload/staclara.jpg', 0, '', '', 22, '2012-11-06 16:01:35'),
(44, 4, 'upload/trinidad.jpg', 0, '', '', 23, '2012-11-06 16:01:35'),
(45, 4, 'upload/santiago13522393671.jpg', 0, '', '', 24, '2012-11-06 16:02:47'),
(46, 5, 'upload/zonaarqueologicachichenitza13523987421.jpg', 1, NULL, NULL, 25, '2012-11-08 12:19:02');

-- --------------------------------------------------------

--
-- Estructura de tabla para la tabla `packs`
--

CREATE TABLE IF NOT EXISTS `packs` (
  `id` int(10) unsigned NOT NULL auto_increment,
  `nombre_ita` varchar(255) NOT NULL,
  `nombre_esp` varchar(255) NOT NULL,
  `slug` varchar(255) NOT NULL,
  `src` varchar(255) default '',
  `descripcion_ita` text,
  `descripcion_esp` text,
  `descripcion2_ita` text,
  `descripcion2_esp` text,
  `activo` tinyint(1) default '1',
  `orden` int(10) unsigned default '0',
  `created` datetime default NULL,
  PRIMARY KEY  (`id`)
) ENGINE=MyISAM  DEFAULT CHARSET=utf8 AUTO_INCREMENT=7 ;

--
-- Volcado de datos para la tabla `packs`
--

INSERT INTO `packs` (`id`, `nombre_ita`, `nombre_esp`, `slug`, `src`, `descripcion_ita`, `descripcion_esp`, `descripcion2_ita`, `descripcion2_esp`, `activo`, `orden`, `created`) VALUES
(1, 'Cuba, 5 Citt&aacute; in 20 giorni (19 notti)', 'Cuba, 5 Ciudades en 20 dias', '1_cuba-5-citta-in-20-giorni-19-notti', 'upload/mapa_20giorno.jpg', '<p>Questa proposta vi permette di visitare 5 Citt&aacute; cubane in 20 giorni, con alloggio e colazione, con due opzioni possibili, con e senza cena nella Casa.</p>\r\n<p>Le prenotazioni si effettuano&nbsp; normalmente con 30 giorni di anticipo sulla data che avrete scelto come inizio.&nbsp;Possiamo farcela anche in minor tempo, dipende dal traffico di presenze: prendete contatto con noi per&nbsp;informazioni.</p>\r\n<p>Il taxista sar&aacute; in attesa all''Aereoporto, all''uscita dei passeggeri, e porter&aacute; un cartello con il vostro nome. Il costo della corsa&nbsp;&eacute; incluso nel prezzo delle due opzioni. &nbsp;Vi condurr&aacute; in Citt&aacute;, nella Casa che vi ospiter&aacute;. La gerente vi fornir&aacute; indirizzi e telefono delle altre Case dove sarete ospitati, a Trinidad e a Santa Clara. Tornerete all&rsquo;Habana, dalla stessa gerente, dove passerete l&rsquo;ultima notte, in attesa del volo di ritorno.</p>', '<p>Esta propuesta permite visitar cinco ciudades de Cuba en 20 d&iacute;as, con alojamiento y desayuno, con dos posibles opciones, con y sin cena en la Casa.</p>\r\n<p>Las reservas se hacen t&iacute;picamente por 30 d&iacute;as antes de la fecha que ha elegido para empezar. Podemos hacerlo en menos tiempo, dependiendo de las apariencias de tr&aacute;fico: p&oacute;nganse en contacto con nosotros para m&aacute;s informaci&oacute;n.</p>\r\n<p>El taxi les estar&aacute; esperando en el aeropuerto, en la salida de los pasajeros, y el conductor traer&aacute; un cartel con sus nombre. La tarifa est&aacute; incluido en el precio de las dos opciones. Les conducir&aacute; a la ciudad, en la casa donde se van a alojar, y el due&ntilde;o les proporcionar&aacute; direcciones y tel&eacute;fonos de las casas donde se alojar&aacute;n, en Trinidad y Santa Clara. Regresar&aacute;n a La Habana, a la misma direcci&oacute;n, donde pasar&aacute; la &uacute;ltima noche, esperando el vuelo de regreso.</p>', '', '', 1, 2, '2012-10-26 18:11:56'),
(2, 'Cuba, 3 Citt&aacute; in 15 giorni (14 notti)', 'Cuba, 3 Ciudades en 15 dias', '2_cuba-3-citta-in-15-giorni-14-notti', 'upload/mapa_15giorno.jpg', '<p>Questa proposta vi permette di visitare 3 Citt&aacute; cubane in 15 giorni, con alloggio e colazione, con due opzioni possibili, con e senza cena nella Casa.</p>\r\n<p>Le prenotazioni si effettuano&nbsp; normalmente con 30 giorni di anticipo sulla data che avrete scelto come inizio.&nbsp;Possiamo farcela anche in minor tempo, dipende dal traffico di presenze: prendete contatto con noi per&nbsp;informazioni.</p>\r\n<p>Il taxista sar&aacute; in attesa all''Aereoporto, all''uscita dei passeggeri, e porter&aacute; un cartello con il vostro nome.&nbsp;Il costo della corsa &eacute; incluso nel prezzo delle due opzioni. Vi condurr&aacute; in Citt&aacute;, nella Casa che vi ospiter&aacute;. La gerente vi fornir&aacute; indirizzi e telefono delle altre Case dove sarete ospitati, a Trinidad e a Santa Clara. Tornerete all&rsquo;Habana, dalla stessa gerente, dove passerete l&rsquo;ultima notte, in attesa del volo di ritorno.</p>', '<p>Esta propuesta permite visitar 3 Ciudad Cuba en 15 d&iacute;as, con alojamiento y desayuno, con dos posibles opciones, con y sin cena en la Casa.</p>\r\n<p>Las reservas se hacen t&iacute;picamente 30 d&iacute;as antes de la fecha que ha elegido para empezar. Podemos hacerlo en menos tiempo, dependiendo de las apariencias de tr&aacute;fico: p&oacute;nganse en contacto con nosotros para m&aacute;s informaci&oacute;n.</p>\r\n<p>El taxi les estar&aacute; esperando en el aeropuerto, en la salida de los pasajeros, y el conductor traer&aacute; un cartel con su nombre. La tarifa est&aacute; incluido en el precio de las dos opciones. Les conducir&aacute; a la ciudad, en la casa donde se van a alojar, y el due&ntilde;o les proporcionar&aacute; direcciones y tel&eacute;fonos de las casas donde se alojar&aacute;n, en Cienfuegos y Trinidad. Regresar&aacute;n a La Habana, a la misma direcci&oacute;n, donde pasar&aacute;n la &uacute;ltima noche, esperando el vuelo de regreso.</p>', '', '', 1, 3, '2012-10-26 18:20:44'),
(3, 'Cuba, 3 Citt&aacute; in 10 giorni (9 notti)', 'Cuba, 3 Ciudades en 10 dias (9 noches)', '3_cuba-3-citta-in-10-giorni-9-notti', 'upload/mapa_10giorno.jpg', '<p>Questa proposta vi permette di visitare 3 Citt&aacute; cubane in 10 giorni, con alloggio e colazione, con due opzioni possibili, con e senza cena nella Casa.</p>\r\n<p>Le prenotazioni si effettuano&nbsp; normalmente con 30 giorni di anticipo sulla data che avrete scelto come inizio.&nbsp;Possiamo farcela anche in minor tempo, dipende dal traffico di presenze: prendete contatto con noi per&nbsp;informazioni.</p>\r\n<p>Il taxista sar&aacute; in attesa all''Aereoporto, all''uscita dei passeggeri, e porter&aacute; un cartello con il vostro nome. Il costo della corsa &eacute; incluso nel prezzo delle due opzioni. Vi condurr&aacute; in Citt&aacute;, nella Casa che vi ospiter&aacute;. La gerente vi fornir&aacute; indirizzi e telefono delle altre Case dove sarete ospitati, a Trinidad e a Santa Clara. Tornerete all&rsquo;Habana, dalla stessa gerente, dove passerete l&rsquo;ultima notte, in attesa del volo di ritorno.</p>', '<p><span>Esta propuesta permite visitar 3 Ciudades Cubanas en 10 d&iacute;as, con alojamiento y desayuno incluidos</span>, con dos posibles opciones: con y sin cena en la Casa.</p>\r\n<p><span><span>Las reservaciones se hacen generalmente 30 d&iacute;as antes de la fecha de inicio del tour.&nbsp;</span><span>Podemos hacerlo en menos tiempo, dependiendo de las condiciones de tr&aacute;fico: p&oacute;nganse en contacto con nosotros para m&aacute;s informaci&oacute;n.</span></span></p>\r\n<p><span><span>El taxi les estar&aacute; esperando en el aeropuerto, a la llegada de los pasajeros, y el conductor traer&aacute; un cartel con sus nombres.&nbsp;</span><span>La tarifa est&aacute; incluida en el precio de las dos opciones. </span><span>Les conducir&aacute; en la ciudad, en la Casa donde se van a alojar, y el due&ntilde;o </span><span>les proporcionar&aacute; direcciones y tel&eacute;fonos de las Casas donde se alojar&aacute;n en Trinidad y Santa Clara. Regresar&aacute;n a </span><span>La Habana, a la misma direcci&oacute;n, donde pasar&aacute; la &uacute;ltima noche, esperando el vuelo de regreso.</span></span></p>', '', '', 1, 4, '2012-10-26 18:21:22'),
(4, 'Scegli fra 9 Citt&aacute;', 'Elige entre 9 Ciudades', '4_scegli-fra-9-citta', 'upload/mapa9citta13517227671.jpg', '<p>Potete personalizzare la vacanza a Cuba scegliendo le Citt&aacute; che volete visitare fra queste nove che fanno parte del nostro programma, dove &eacute; previsto l''alloggio con colazione. Queste sono le Citt&aacute;:<br />Pinar del R&iacute;o, La Havana, Cienfuegos, Trinidad, Santa Clara, Camaguey, Bayamo, Baracoa, Santiago,&nbsp; cio&eacute; le principali mete turistiche di Cuba.</p>\r\n<p>Il taxista sar&aacute; in attesa all''Aereoporto, all''uscita dei passeggeri, e porter&aacute; un cartello con il vostro nome. Il costo della corsa&nbsp;&eacute; incluso nel prezzo. Vi condurr&aacute; in Citt&aacute;, nella Casa che vi ospiter&aacute;.&nbsp;Se avete prenotato in altre Citt&aacute; oltre che all''Habana, la responsabile della Casa vi fornir&aacute; le informazioni necessarie, con telefono e indirizzo delle altre Case, nelle rispettive localit&aacute;. Per questa ragione, la sosta all''Havana, almeno per la prima notte, &eacute; necessaria.</p>\r\n<p>Le prenotazioni si effettuano&nbsp; normalmente con 30 giorni di anticipo sulla data che avrete scelto come inizio.&nbsp;Possiamo farcela anche in minor tempo, dipende dal traffico di presenze: prendete contatto con noi per&nbsp;informazioni. &nbsp;</p>\r\n<p>&nbsp;</p>\r\n<p>Nelle Case dove siete alloggiati si pu&oacute; anche cenare, bene e a basso prezzo e, se preferite, potete prenotare con noi.</p>', '<p>Ustedes pueden personalizar sus vacaciones en Cuba eligiendo las ciudades que quieren visitar entre las nueve que forman parte de nuestro programa, donde se ha previsto alojamiento con desayuno.</p>\r\n<p>Estas son las ciudades:<br />Pinar del R&iacute;o, La Habana, Cienfuegos, Trinidad, Santa Clara, Camag&uuml;ey, Bayamo, Baracoa, Santiago, es decir, los principales destinos tur&iacute;sticos de Cuba</p>\r\n<p>El taxi le estar&aacute; esperando en el aeropuerto, a la salida de los pasajeros, y el conductor traer&aacute; un cartel con su nombre. La tarifa est&aacute; incluida en el precio. Les conducir&aacute; en la ciudad, en la casa donde se van a alojar.</p>\r\n<p>Las reservas se hacen t&iacute;picamente con 30 d&iacute;as antes de la fecha que ha elegido para empezar. Podemos hacerlo en menos tiempo, dependiendo de las apariencias de tr&aacute;fico: ponerse en contacto con nosotros para m&aacute;s informaci&oacute;n. Si han reservado en otras ciudades, as&iacute; como La Habana, el jefe de la Casa le proporcionar&aacute; la informaci&oacute;n necesaria, con el n&uacute;mero de tel&eacute;fono y direcci&oacute;n de las otras Casas en sus respectivas localidades. Por esta raz&oacute;n, la parada en La Havana, al menos para la primera noche, es necesario.</p>\r\n<p>&nbsp;En las casas donde se alojan tambi&eacute;n se puede cenar, bueno y barato, y si lo prefieres, pueden reservar con nosotros.</p>', '', '', 1, 1, '2012-10-26 18:23:28'),
(5, 'Tour Giaguaro Nero, Basico + Opzioni', 'Gira Jaguar Negro Mayataan, B&aacute;sico + Opciones', '5_tour-giaguaro-nero-basico--opzioni', 'upload/mapaek0113517226321.jpg', '<p>Programma di base: alloggio in mezza pensione nei Bungalows del Villaggio Maya e noleggio auto. Opzioni a scelta, di luoghi interessanti da visitare.</p>\r\n<p>Di seguito, descrizione del Tour, quota individuale di partecipazione, sconti e crediti, lista dei servizi inclusi nei prezzi e modulo di prenotazione.</p>\r\n<h3><strong>Descrizione del Tour</strong></h3>\r\n<div>Arrivo in Messico:</div>\r\n<div>Trasferimento libero in Hotel, sistemazione in Hotel&nbsp;<strong>(servizi non inclusi nel pacchetto)</strong></div>\r\n<div><strong>&nbsp;</strong></div>\r\n<div><strong>Primo giorno del Tour Mayakot</strong>:&nbsp; Viaggio Canc&uacute;n-EK Balam</div>\r\n<div>Ore 9.30 Incontro in mattinata in Hotel con il nostro incaricato che vi consegner&aacute;&nbsp; l&rsquo;auto con l&rsquo;assicurazione e i vouchers per i servizi prenotati.</div>\r\n<div>Viaggio in auto fino al Villaggio Maya di U Najil Ek Balam (km 180)</div>\r\n<div>Cena e pernottamento nel&nbsp; Villaggio.</div>\r\n<div>Dal giorno della consegna dell&rsquo;auto iniziano i servizi fino al compimento dei 10 giorni previsti.</div>\r\n<div><br /><strong>Decimo giorno</strong>: Ritorno verso Canc&uacute;n</div>\r\n<p>Riconsegna dell&rsquo;auto al nostro incaricato (alle ore 19), secondo le modalit&aacute;&nbsp;spiegate pi&uacute;&nbsp;avanti&nbsp;</p>\r\n<p><strong>Supplementi su richiesta (da inserire nel modulo di prenotazione):</strong></p>\r\n<div>Prenotazione Hotel per la notte del giorno d&rsquo;arrivo e/o quella del ritorno, o per notti supplementari di soggiorno.</div>\r\n<div>Prezzo indicativo Hotel&nbsp; 3&nbsp; Stelle a Canc&uacute;n, quota a notte in camera doppia, Euro 75,colazione compresa,con maggiorazione di Euro 18 da uno a 4 letti addizionali.</div>\r\n<div>Prezzo valido fino a tutto maggio 2013.</div>\r\n<h3><strong>Sistemazione prevista nei Bungalows del Villaggio Maya di Ek Balam e caratteristiche dell&rsquo;auto</strong></h3>\r\n<table style="width: 100%;" border="0" cellspacing="1" cellpadding="0">\r\n<tbody>\r\n<tr>\r\n<td style="text-align: left;" width="110">\r\n<p>2 persone</p>\r\n</td>\r\n<td style="text-align: left;">\r\n<p>1 Bungalow Doppio</p>\r\n</td>\r\n<td style="text-align: left;">\r\n<p>Veicolo a due porte con assicurazione</p>\r\n</td>\r\n</tr>\r\n<tr>\r\n<td style="text-align: left;" width="110">\r\n<p>3 persone</p>\r\n</td>\r\n<td style="text-align: left;">\r\n<p>1 Bungalow Triplo</p>\r\n</td>\r\n<td style="text-align: left;">\r\n<p>Veicolo a quattro porte con assicurazione</p>\r\n</td>\r\n</tr>\r\n<tr>\r\n<td style="text-align: left;" width="110">\r\n<p>4 persone</p>\r\n</td>\r\n<td style="text-align: left;">\r\n<p>2 Bunagalows Doppi</p>\r\n</td>\r\n<td style="text-align: left;">\r\n<p>Veicolo a quattro porte con assicurazione</p>\r\n</td>\r\n</tr>\r\n<tr>\r\n<td style="text-align: left;" width="110">\r\n<p>5 persone</p>\r\n</td>\r\n<td style="text-align: left;">\r\n<p>1 Bungalow Triplo e 1 Bungalow Doppio</p>\r\n</td>\r\n<td style="text-align: left;">\r\n<p>Veicolo &ldquo;Fuoristrada&rdquo; con assicurazione</p>\r\n</td>\r\n</tr>\r\n</tbody>\r\n</table>\r\n<h3><strong>Servizi inclusi nei prezzi</strong></h3>\r\n<div>Noleggio auto per 10 giorni, dalla mattina del secondo giorno alla sera dell&rsquo;undicesimo giorno.</div>\r\n<div>Consegna&nbsp; e ritiro del veicolo, con documenti, contratto d&rsquo;affitto e assicurazione.</div>\r\n<div>Alloggio nei Bungalows, servizi privati compresi, del Villaggio Maya di Ek Balam, per 10 giorni e 9 notti, biancheria da bagno e da letto compresa, biancheria e pulizia della camera giornaliera.</div>\r\n<div>Prime colazioni e cene a Ek Balam (bevande alcooliche non incluse)</div>\r\n<div>Assicurazione per incidenti personali.</div>\r\n<div>Cellulare per emergenze: per ogni veicolo, sar&aacute; consegnato un cellulare con la disponibilit&aacute; di USD 10 (dieci) per chiamate al Soccorso Stradale, al Servizio Medico, Assicurazione e Call Center.</div>\r\n<div>Se terrete acceso il cellulare, riceverete messaggi promozionali.</div>\r\n<div>L&rsquo;apparecchio&nbsp; &eacute; in regalo.</div>\r\n<h3><strong>Servizi non inclusi nei prezzi</strong></h3>\r\n<div>Autista, carburante, pranzi di mezzogiorno, bevande alcooliche, mance e in generale tutto ci&oacute;&nbsp;che non sia espressamente previsto pi&uacute;&nbsp;sopra in &ldquo;Servizi inclusi nei prezzi&rdquo;</div>\r\n<div>Consegna e ritiro auto, all&rsquo;arrivo e al ritorno</div>\r\n<div>Secondo gli orari dei voli, &eacute;&nbsp;possibile che vogliate fermarvi per una notte o pi&uacute;&nbsp;notti a Canc&uacute;n, sia all&rsquo;arrivo che al ritorno.</div>\r\n<h3><strong>Arrivo - Comsegna auto e Vouchers</strong></h3>\r\n<div>Consegneremo l&rsquo;auto alle 9.30 del mattino in Hotel, il giorno d&rsquo;inizio del soggiorno al Villaggio Maya Uh Najil Ek Balam, cio&eacute;&nbsp;all&rsquo;inizio dei&nbsp;10 giorni previsti di noleggio.</div>\r\n<div>Se invece dall&rsquo;Aeroporto di Canc&uacute;n andrete direttamente al Villaggio di Ek Balam, la consegna dell&rsquo;auto avverr&aacute;&nbsp;nell&rsquo;Aereoporto stesso, quindi comunicate in prenotazione data, orario e numero del volo.</div>\r\n<div>Un incaricato sar&aacute;&nbsp; presente con il cartello con il vostro nome.</div>\r\n<h3><strong>Ritorno - Ritiro auto</strong></h3>\r\n<div>Se vi fermerete per la notte a Canc&uacute;n, ritireremo l&rsquo;auto al vostro rientro dal Villaggio di Ek Balam e nello stesso Hotel che all&rsquo;andata, alla scadenza dei 10 giorni previsti di noleggio, alle ore 19.</div>\r\n<div>Se al ritorno andrete direttamente all&rsquo;Aeroporto di Canc&uacute;n senza fermarvi in citt&aacute;&nbsp; per la notte, consegnate l&rsquo;auto al terminale della Societ&aacute; in Aereoporto (al massimo entro le ore 19)</div>\r\n<h3><strong>Scheda&nbsp; tecnica</strong></h3>\r\n<div>Le quotazioni riportate in tabella sono state negoziate in Mexican Pesos.</div>\r\n<div>Il cambio applicato &eacute;&nbsp;pari a:&nbsp; 1 Euro=16 MXP Mexican Pesos&nbsp;</div>\r\n<div>Gli eventuali adeguamenti valutari potranno essere richiesti al momento del pagamento <strong>contacto directo</strong></div>\r\n<div>Prezzi validi fino a tutto Maggio 2013.</div>\r\n<div>Nota per noleggio auto: il litro di benzina costa Pesos 10, circa Euro 0,65.</div>\r\n<h3><strong>Prenotazioni e richieste di&nbsp; informazioni</strong></h3>\r\n<div>Le prenotazioni si effettuano normalmente con 30 giorni d&rsquo;anticipo sulla data d&rsquo;inizio del Tour.</div>\r\n<div>Scaricate il modulo di prenotazione e inviatelo a: <a href="mailto:umberto@cubayucatan.com" target="_blank">umberto@cubayucatan.com</a></div>', '<p>Programa b&aacute;sico: alojamiento en media pensi&oacute;n en el Maya Village Bungalows y alquiler de coches. Opciones de elecci&oacute;n, lugares de inter&eacute;s para visitar.</p>\r\n<p>La siguiente descripci&oacute;n de la gira, cuota de participaci&oacute;n individual, descuentos y cr&eacute;ditos, la lista de servicios incluidos en las tarifas y formulario de reserva.</p>\r\n<p>Descripci&oacute;n del Tour</p>\r\n<p>Llegada a M&eacute;xico:<br />Traslado gratuito al hotel, alojamiento en hotel (servicios no incluidos en el paquete)<br />&nbsp;<br />El primer d&iacute;a de la gira Mayakot: Travel Cancun-EK Balam<br />Reuni&oacute;n a las 9.30 de la ma&ntilde;ana en el hotel con nuestro representante que le entregar&aacute; el auto con seguro y vales de los servicios contratados.<br />Viaje en coche hasta el pueblo de Maya U Najil Ek Balam (km 180)<br />Cena y alojamiento en el pueblo.<br />Desde el d&iacute;a de recoger a iniciar los servicios hasta la edad de 10 d&iacute;as, siempre.</p>\r\n<p>D&eacute;cimo d&iacute;a: Regreso a Canc&uacute;n<br />Devolver el coche a nuestro personal (en 19) por los medios se explica m&aacute;s adelante</p>\r\n<p>Los suplementos por encargo (para ser incluido en el formulario de reserva):</p>\r\n<p>Reserva de hoteles para la noche de llegada y / o en la espalda, o noches adicionales.<br />Precio orientativo Hoteles de 3 estrellas en Canc&uacute;n, noche de acci&oacute;n en habitaci&oacute;n doble 75 &euro;, desayuno incluido, para un extra de 18 euros para una a cuatro camas supletorias.<br />Precio v&aacute;lido hasta mayo de 2013.<br />Alojamiento Bungalows previstas en el pueblo de Ek Balam Maya y las caracter&iacute;sticas del coche</p>\r\n<p>2 personas<br />1 Bungalow Doble<br />Dos puertas con seguro<br />3 personas<br />1 Bungalow Triple<br />Cuatro puertas con seguro<br />4 personas<br />2 dobles Bunagalows<br />Cuatro puertas con seguro<br />5 personas<br />Bungalow 1 triple y 1 Bungalow Doble<br />Veh&iacute;culo "Off Road" con el seguro<br />Servicios incluidos en el precio</p>\r\n<p>Alquila un coche durante 10 d&iacute;as, desde la ma&ntilde;ana hasta la noche del segundo d&iacute;a de la und&eacute;cima jornada.<br />La entrega y recogida del veh&iacute;culo, con los documentos, arrendamiento y seguros.<br />Alojamiento en Bungalows, ba&ntilde;o privado, incluyendo el pueblo maya de Ek Balam, durante 10 d&iacute;as y 9 noches, s&aacute;banas y toallas incluidas, ropa de cama y limpieza diaria de la habitaci&oacute;n.<br />Los desayunos y las cenas en Ek Balam (bebidas alcoh&oacute;licas no incluidas)<br />Seguro de accidentes personales.<br />Tel&eacute;fono para emergencias: para cada veh&iacute;culo se le dar&aacute; un tel&eacute;fono m&oacute;vil con la disponibilidad de $ 10 (diez) para las llamadas a la Asistencia en Carretera en Servicios M&eacute;dicos, Seguro y Call Center.<br />Si usted guarda en su tel&eacute;fono, recibir&aacute; mensajes de promoci&oacute;n.<br />El instrumento es un regalo.<br />Los servicios no incluidos en el precio</p>\r\n<p>Conductor, combustible, almuerzo al mediod&iacute;a, bebidas alcoh&oacute;licas, propinas y en general todo lo que no est&eacute; expresamente indicado previamente en m&aacute;s "Servicios incluidos en el precio"<br />Entrega y recogida de coches, de llegada y de retorno<br />De acuerdo con el plan de vuelo, es posible que desee detener por una noche o m&aacute;s noches en Canc&uacute;n, a la llegada y regreso.<br />Llegada - Comsegna coche y vales</p>\r\n<p>Vamos a entregar el coche a las 9.30 de la ma&ntilde;ana en el hotel, el primer d&iacute;a de la estancia en el Maya Village Uh Najil Ek Balam, es decir, a principios de los 10 d&iacute;as previstos para el alquiler.<br />Si usted va directamente al Aeropuerto de Canc&uacute;n pueblo de Ek Balam, la entrega del coche ser&aacute; en el propio aeropuerto, y luego comunicada en la reserva de fecha, hora y n&uacute;mero de vuelo.<br />Un representante estar&aacute; presente con un cartel con su nombre.<br />Retorno - Retirada coche</p>\r\n<p>Si se detiene por la noche en Canc&uacute;n, retirar el coche en su declaraci&oacute;n de la aldea de Ek Balam y Hoteles en la misma pierna, al final de los 10 d&iacute;as previstos por contrato, a los 19.<br />Si usted va directamente de regreso al Aeropuerto de Canc&uacute;n sin parar en la ciudad por la noche, entreg&oacute; el coche a la terminal del aeropuerto de la Compa&ntilde;&iacute;a (como m&aacute;ximo dentro de 19 horas)<br />Hoja de datos</p>\r\n<p>Los precios mostrados en la tabla han sido objeto de comercio en pesos mexicanos.<br />La tasa de cambio aplicada es igual a 1 euro = 16 pesos mexicanos MXP<br />Cualquier ajuste de divisas pueden ser solicitados en el momento del pago Contacto Directo<br />Precios v&aacute;lidos hasta finales de mayo de 2013.<br />Tenga en cuenta que alquilar un coche: un litro de gasolina cuesta 10 pesos, alrededor de &euro; 0,65.<br />Reservas y consultas</p>\r\n<p>La reserva normalmente ser&aacute; de 30 d&iacute;as de antelaci&oacute;n a la fecha de inicio de la Vuelta<br />Descargue el formulario de reserva y enviarlo a: umberto@cubayucatan.com</p>', '<h3><strong>Prezzi del Tour Mayataan&nbsp;<br /></strong></h3>\r\n<p><strong>QUOTA&nbsp; INDIVIDUALE&nbsp; DI PARTECIPAZIONE</strong><br />Durata:&nbsp; 10 giorni e 9 notti&nbsp;<br />&nbsp;<br />n. 2 persone&nbsp;&nbsp; Euro&nbsp;&nbsp;865&nbsp; / per persona<br />n. 3 persone&nbsp;&nbsp; Euro&nbsp;&nbsp;675&nbsp; / per persona<br />n. 4 persone&nbsp;&nbsp; Euro&nbsp;&nbsp;653&nbsp; / per persona<br />n. 5 persone&nbsp;&nbsp; Euro&nbsp;&nbsp;758&nbsp; / per persona</p>\r\n<h3><strong>Prezzi delle Opzioni, da aggiungere in prenotazione</strong></h3>\r\n<p><a href="../../../destinos/16_comunita-maya-di-ek-balam">Comunit&aacute; Maya di Ek Balam</a><br /><a href="../../../destinos/15_ek-balam---xcanche">Ek Balam - Xcanch&eacute;</a><br /><a href="../../../destinos/13_chichen-itza">Chichen Itz&aacute;</a><br /><a href="../../../destinos/12_izamal">Izamal</a><br /><a href="../../../destinos/11_solferino">Solferino</a><br /><a href="../../../destinos/10_merida">M&eacute;rida</a><br /><a href="../../../destinos/9_coba---tulum">Cob&aacute; - Tulum</a></p>', '<p>Precios del Tour Mayataan</p>\r\n<p>TARIFA INDIVIDUAL<br />Duraci&oacute;n: 10 d&iacute;as y 9 noches<br />&nbsp;<br />n. 2 personas 865 Euro / por persona<br />n. 3 personas Euro 675 / por persona<br />n. 4 personas Euro 653 / por persona<br />n. 5 personas Euro 758 / por persona</p>\r\n<p>Los precios de las opciones que se a&ntilde;adir&aacute;n en la reserva</p>\r\n<p>Comunidad maya de Ek Balam<br />Ek Balam - Xcanch&eacute;<br />Chich&eacute;n Itz&aacute;<br />Izamal<br />Solferino<br />M&eacute;rida<br />Cob&aacute; - Tulum</p>', 1, 5, '2012-10-26 18:24:55'),
(6, 'Tour Giaguaro Nero, Basico', 'Gira Jaguar Negro Mayakot, B&aacute;sico', '6_tour-giaguaro-nero-basico', 'upload/mapaek01.jpg', '<p>Programma di base: alloggio in mezza pensione nei Bungalows del Villaggio Maya e noleggio auto.&nbsp;</p>\r\n<p>Di seguito, descrizione del Tour, quota individuale di partecipazione, lista dei servizi inclusi nei prezzi e modulo di prenotazione.</p>\r\n<h3><strong>Descrizione del Tour</strong></h3>\r\n<div>Arrivo in Messico: trasferimento libero e sistemazione in Hotel,&nbsp;<strong>servizi non inclusi nel pacchetto&nbsp;</strong>(per l''Hotel, leggete pi&aacute; avanti, Consegna e Ritiro auto)</div>\r\n<div><strong>&nbsp;</strong></div>\r\n<div><strong>Primo giorno del Tour Mayakot</strong>:</div>\r\n<div>Ore 9.30 Incontro in mattinata in Hotel con il nostro incaricato che vi consegner&aacute;&nbsp; l&rsquo;auto con l&rsquo;assicurazione e i vouchers per i servizi prenotati.</div>\r\n<div>Viaggio in auto fino al Villaggio Maya di U Najil Ek Balam (km 180)</div>\r\n<div>Cena e pernottamento nel&nbsp; Villaggio.</div>\r\n<div>Dal giorno della consegna dell&rsquo;auto iniziano i servizi fino al compimento dei 10 giorni previsti.</div>\r\n<div><br /><strong>Decimo giorno</strong>: Ritorno verso Canc&uacute;n</div>\r\n<p>Riconsegna dell&rsquo;auto al nostro incaricato (al massimo entro le ore 19), secondo le modalit&aacute;&nbsp;spiegate pi&uacute;&nbsp;avanti.</p>\r\n<p><strong>Supplementi su richiesta (da inserire nel modulo di prenotazione)</strong></p>\r\n<p>Secondo gli orari dei voli, &eacute; possibile che vogliate fermarvi per riposare per una notte a Canc&uacute;n, sia all''arrivo che al ritorno.</p>\r\n<div>Prenotazione di una o pi&uacute; stanze d''Hotel per la notte d''arrivo o di ritorno: se volete potete incaricare noi, specificando la richiesta nel documento di prenotazione.</div>\r\n<div>Prezzo &nbsp;della stanza in Hotel&nbsp; 3&nbsp; Stelle a Canc&uacute;n, quota a notte in camera doppia: Euro 75, colazione compresa, con maggiorazione di Euro 18 da uno a 4 letti addizionali. &nbsp;</div>\r\n<div>Prezzo valido fino a tutto maggio 2013.</div>\r\n<h3><strong>Sistemazione prevista nei Bungalows del Villaggio Maya di Ek Balam, e caratteristiche dell&rsquo;auto</strong></h3>\r\n<table style="width: 100%;" border="0" cellspacing="1" cellpadding="0">\r\n<tbody>\r\n<tr>\r\n<td style="text-align: left;" width="110">\r\n<p>2 persone</p>\r\n</td>\r\n<td style="text-align: left;">\r\n<p>1 Bungalow Doppio</p>\r\n</td>\r\n<td style="text-align: left;">\r\n<p>Veicolo a due porte con assicurazione</p>\r\n</td>\r\n</tr>\r\n<tr>\r\n<td style="text-align: left;" width="110">\r\n<p>3 persone</p>\r\n</td>\r\n<td style="text-align: left;">\r\n<p>1 Bungalow Triplo</p>\r\n</td>\r\n<td style="text-align: left;">\r\n<p>Veicolo a quattro porte con assicurazione</p>\r\n</td>\r\n</tr>\r\n<tr>\r\n<td style="text-align: left;" width="110">\r\n<p>4 persone</p>\r\n</td>\r\n<td style="text-align: left;">\r\n<p>2 Bunagalows Doppi</p>\r\n</td>\r\n<td style="text-align: left;">\r\n<p>Veicolo a quattro porte con assicurazione</p>\r\n</td>\r\n</tr>\r\n<tr>\r\n<td style="text-align: left;" width="110">\r\n<p>5 persone</p>\r\n</td>\r\n<td style="text-align: left;">\r\n<p>1 Bungalow Triplo e 1 Bungalow Doppio</p>\r\n</td>\r\n<td style="text-align: left;">\r\n<p>Veicolo &ldquo;Fuoristrada&rdquo; con assicurazione</p>\r\n</td>\r\n</tr>\r\n</tbody>\r\n</table>\r\n<h3><strong>Servizi inclusi nei prezzi</strong></h3>\r\n<div>Noleggio auto per 10 giorni, dalla mattina del primo giorno del Tour Mayakot alla sera del decimo giorno.</div>\r\n<div>Consegna&nbsp; e ritiro del veicolo, con contratto d''affitto dell''auto e assicurazione, vouchers dei servizi pagati.</div>\r\n<div>Alloggio nei Bungalows, con servizi privati, del Villaggio Maya di Ek Balam, per 10 giorni e 9 notti. Biancheria da bagno e da letto compresa, pulizia giornaliera del Bungalows.</div>\r\n<div>Prime colazioni e cene a Ek Balam (bevande alcooliche non incluse)</div>\r\n<div>Assicurazione per incidenti personali.</div>\r\n<div>Cellulare per emergenze: per ogni veicolo, sar&aacute; consegnato un cellulare con la disponibilit&aacute; di USD 10 (dieci) per chiamate al Soccorso Stradale, al Servizio Medico, Assicurazione e Call Center.</div>\r\n<div>Se terrete acceso il cellulare, riceverete messaggi promozionali.</div>\r\n<div>L&rsquo;apparecchio&nbsp; &eacute; in regalo.</div>\r\n<h3><strong>Servizi non inclusi nei prezzi</strong></h3>\r\n<div>Autista, carburante, pranzi di mezzogiorno, bevande alcooliche, mance e in generale tutto ci&oacute;&nbsp;che non sia espressamente previsto pi&uacute;&nbsp;sopra in &ldquo;Servizi inclusi nei prezzi&rdquo;</div>\r\n<div>&nbsp;</div>\r\n<div><strong>Arrivo - Consegna auto e&nbsp;Vouchers</strong></div>\r\n<div>&nbsp;</div>\r\n<div>Consegneremo l&rsquo;auto alle 9.30 del mattino in Hotel, il giorno d&rsquo;inizio del soggiorno al Villaggio Maya Uh Najil Ek Balam, cio&eacute;&nbsp;all&rsquo;inizio dei&nbsp;10 giorni previsti di noleggio.</div>\r\n<div>Se invece dall&rsquo;Aeroporto di Canc&uacute;n andrete direttamente al Villaggio di Ek Balam, la consegna dell&rsquo;auto avverr&aacute;&nbsp;nell&rsquo;Aereoporto stesso, quindi comunicate in prenotazione data, orario e numero del volo.</div>\r\n<div>Un incaricato sar&aacute;&nbsp; presente con il cartello con il vostro nome.</div>\r\n<h3><strong>Ritorno - Ritiro auto</strong></h3>\r\n<div>Se vi fermerete per la notte a Canc&uacute;n, ritireremo l&rsquo;auto al vostro rientro dal Villaggio di Ek Balam e nello stesso Hotel che all&rsquo;andata, alla scadenza dei 10 giorni previsti di noleggio (al massimo entro le ore 19)</div>\r\n<div>&nbsp;</div>\r\n<div>Se al ritorno andrete direttamente all&rsquo;Aeroporto di Canc&uacute;n senza fermarvi in citt&aacute;&nbsp; per la notte, consegnate l&rsquo;auto al terminale della Societ&aacute; in Aereoporto (al massimo entro le ore 19)</div>\r\n<h3><strong>Scheda&nbsp; tecnica</strong></h3>\r\n<div>Le quotazioni riportate in tabella sono state negoziate in Mexican Pesos.</div>\r\n<div>Il cambio applicato &eacute;&nbsp;pari a:&nbsp; 1 Euro=16 MXP Mexican Pesos&nbsp;</div>\r\n<div>Gli eventuali adeguamenti valutari potranno essere richiesti al momento del pagamento <strong>contacto directo:&nbsp;<a href="mailto:umberto@cubayucatan.com" target="_blank">umberto@cubayucatan.com</a></strong></div>\r\n<div>Prezzi validi fino a tutto Maggio 2013.</div>\r\n<div>Nota per noleggio auto: il litro di benzina costa Pesos 10, circa Euro 0,65.</div>\r\n<h3><strong>Prenotazioni e richieste di&nbsp; informazioni</strong></h3>\r\n<div>Le prenotazioni si effettuano normalmente con 30 giorni d&rsquo;anticipo sulla data d&rsquo;inizio del Tour.</div>\r\n<div>Scaricate il modulo di prenotazione e inviatelo a: ventas<span style="color: #000000;"><a href="mailto:umberto@cubayucatan.com" target="_blank"><span style="color: #000000;">@cubayucatan.com</span></a>&nbsp;</span></div>\r\n<div>Se avete necessit&aacute; speciali, prendete contatto con noi: info@cubayucatan.com</div>', '<p><span style="color: #000000;">&nbsp;</span></p>\r\n<div class="desc tmce">\r\n<p><span>Programa b&aacute;sico: alojamiento en las Caba&ntilde;as del Pueblo Maya de Ek Balam, desayunos, cenas, y alquiler del coche, con seguro.</span></p>\r\n<p><span>A continuaci&oacute;n los detalles del tour, cuota individual, lista de servicios incluidos en las tarifas y formulario de reservaci&oacute;n.</span></p>\r\n<h3><strong>Descripci&oacute;n del Tour</strong></h3>\r\n<div><span>Llegada a M&eacute;xico: t</span>raslado y alojamiento en Hotel,&nbsp;<strong>servicios no incluidos en el paquete&nbsp;</strong>( por el Hotel, vean m&aacute;s adelante, Entrega y Devoluci&oacute;n del carro)&nbsp;</div>\r\n<div><strong>&nbsp;</strong></div>\r\n<div><strong>Primer d&iacute;a de la gira Mayakot</strong><span>&nbsp;:</span></div>\r\n<div>Reuni&oacute;n a las 9.30 de la ma&ntilde;ana en el hotel con nuestro representante que le entregar&aacute; el auto con seguro y vales de los servicios contratados.</div>\r\n<div><span>Viaje en coche hasta el Pueblo Maya U Najil Ek Balam (km 180)</span></div>\r\n<div><span>Cena y alojamiento en el pueblo.</span></div>\r\n<div><span>Desde el primer d&iacute;a, el de la entrega del carro, inician los servicios hasta la conclusi&oacute;n de los 10 d&iacute;as.</span></div>\r\n<div><br /><strong>D&eacute;cimo d&iacute;a</strong><span>&nbsp;: Regreso a Canc&uacute;n</span></div>\r\n<p>Devoluci&oacute;n del coche a nuestro personal (a m&aacute;s tardar a las 7 p.m.) como se explica m&aacute;s adelante.&nbsp;</p>\r\n<p><strong>Suplementos por encargo (para ser incluidos en el formulario de reservaci&oacute;n):</strong></p>\r\n<div><span>De acuerdo con el plan de vuelo, es posible que deseen quedarse para descansar por una noche en Canc&uacute;n, a la llegada y/o al regreso</span></div>\r\n<div><span>Reservaci&oacute;n de una o m&aacute;s habitaciones en Hotel para la noche de llegada y/o al regreso: si ustedes quieren, nosotros podemos encargarnos , cuando ustedes especif&iacute;quen su pedido en el documento de reservaci&oacute;n.</span></div>\r\n<div><span>Precio de una habitaci&oacute;n en Hotel de 3 estrellas en Canc&uacute;n, cuota por noche en habitaci&oacute;n doble: &nbsp;Euro 75 , Pesos Mexicanos MXP 1200, desayuno incluido, con aumento de 18 euros, MXP 288, &nbsp;desde una a cuatro camas extra.</span></div>\r\n<div><span>Precio v&aacute;lido hasta mayo de 2013.</span></div>\r\n<h3><strong>Alojamiento previsto en las Caba&ntilde;as del Pueblo Maya de Ek Balam, y caracter&iacute;sticas del coche</strong></h3>\r\n<table border="0" cellspacing="1" cellpadding="0">\r\n<tbody>\r\n<tr>\r\n<td width="110">\r\n<p><span>2 personas</span></p>\r\n</td>\r\n<td>\r\n<p><span>1 Caba&ntilde;a Doble</span></p>\r\n</td>\r\n<td>\r\n<p><span>Veh&iacute;culo dos puertas con seguro</span></p>\r\n</td>\r\n</tr>\r\n<tr>\r\n<td width="110">\r\n<p><span>3 personas</span></p>\r\n</td>\r\n<td>\r\n<p><span>1 Caba&ntilde;a Triple</span></p>\r\n</td>\r\n<td>\r\n<p><span>Veh&iacute;culo cuatro puertas con seguro</span></p>\r\n</td>\r\n</tr>\r\n<tr>\r\n<td width="110">\r\n<p><span>4 personas</span></p>\r\n</td>\r\n<td>\r\n<p><span>2 Caba&ntilde;as<span>&nbsp;D</span>obles&nbsp;</span></p>\r\n</td>\r\n<td>\r\n<p><span>Veh&iacute;culo cuatro puertas con seguro</span></p>\r\n</td>\r\n</tr>\r\n<tr>\r\n<td width="110">\r\n<p><span>5 personas</span></p>\r\n</td>\r\n<td>\r\n<p><span>1 Caba&ntilde;a<span>&nbsp;T</span>riple y 1 Caba&ntilde;a Doble</span></p>\r\n</td>\r\n<td>\r\n<p><span>Veh&iacute;culo "Off Road" con seguro</span></p>\r\n</td>\r\n</tr>\r\n</tbody>\r\n</table>\r\n<h3><strong>Servicios incluidos en los precios</strong></h3>\r\n<div><span>Renta del coche durante 10 d&iacute;as, desde la ma&ntilde;ana del primer d&iacute;a del Tour Mayakot hasta la noche del d&eacute;cimo d&iacute;a.</span></div>\r\n<div><span>Entrega y recogida del veh&iacute;culo, con &nbsp;contrato de renta del carro, seguro, y vales de los servicios pagados.</span></div>\r\n<div><span>Alojamiento en Caba&ntilde;as, con ba&ntilde;o privado, del Pueblo Maya de Ek Balam, durante 10 d&iacute;as y 9 noches. S&aacute;banas y toallas incluidas, y limpieza diaria de la Caba&ntilde;a.</span></div>\r\n<div><span>Desayunos y cenas en Ek Balam (bebidas alcoh&oacute;licas no incluidas)</span></div>\r\n<div><span>Seguro de accidentes personales.</span></div>\r\n<div><span>Tel&eacute;fono m&oacute;vil para emergencias: por cada veh&iacute;culo, se le dar&aacute; un tel&eacute;fono m&oacute;vil con la disponibilidad de USD 10 (diez) para las llamadas a la Asistencia en Carretera, en Servicios M&eacute;dicos, Seguro y Call Center.</span></div>\r\n<div><span>Si ustedes guardar&aacute;n encendido el tel&eacute;fono, recibir&aacute;n mensajes de promoci&oacute;n.</span></div>\r\n<div><span>El tel&eacute;fono es en regalo.</span></div>\r\n<h3><strong>Servicios no incluidos en los precios</strong></h3>\r\n<div><span>Conductor, combustible, almuerzo del mediod&iacute;a, bebidas alcoh&oacute;licas, propinas y en general todo lo que no est&eacute; expresamente indicado previamente en &nbsp;"Servicios incluidos en los precios"</span></div>\r\n<div>&nbsp;</div>\r\n<h3><strong>Llegada - entrega de coches y vales</strong></h3>\r\n<div><span>Entregaremos el coche a las 9.30 de la ma&ntilde;ana en el hotel, el primer d&iacute;a del Tour, a principios de los 10 d&iacute;as previstos para el alquiler.</span></div>\r\n<div><span>&nbsp;</span></div>\r\n<div><span>Si ustedes ir&aacute;n directamente desde el Aeropuerto de Canc&uacute;n hasta el Pueblo de Ek Balam, la entrega del coche ser&aacute; en el propio aeropuerto: en este caso, comuniquen por favor en reservaci&oacute;n fecha, hora y n&uacute;mero de vuelo.&nbsp;</span>Un nuestro representante estar&aacute; presente con un cartel con su nombre.</div>\r\n<h3><strong>Regreso - Devoluci&oacute;n del coche</strong></h3>\r\n<div><span>Si se quedar&aacute;n por la noche en Canc&uacute;n, retiraremos el coche a su regreso del Pueblo de Ek Balam y en el mismo Hotel que a la llegada, al final de los 10 d&iacute;as previstos por contrato (a m&aacute;s tardar a las 7 p.m)</span></div>\r\n<div><span>&nbsp;</span></div>\r\n<div><span>Si ustedes ir&aacute;n directamente al Aeropuerto de Canc&uacute;n sin parar en la ciudad por la noche, entregar&aacute;n el coche a la terminal de la Compa&ntilde;ia en del aeropuerto (a m&aacute;s tardar a las 7 p.m.)</span></div>\r\n<h3><strong>Hoja de datos</strong></h3>\r\n<div><span>Los precios mostrados en la tabla han sido objeto de negociaci&oacute;n en Pesos Mexicanos MXP.</span></div>\r\n<div><span>La tasa de cambio aplicada es igual a: &nbsp;</span></div>\r\n<div><span>1 Euro = 16 &nbsp;Pesos Mexicanos MXP &nbsp;</span></div>\r\n<div><span> 1 USD &nbsp;= 13 &nbsp;Pesos Mexicanos MXP</span></div>\r\n<div><span>Cualquier ajuste de divisas puede ser solicitado en el momento del pago&nbsp;</span><strong><span><span>Contacto Directo:&nbsp;&nbsp;</span></span><a href="mailto:umberto@cubayucatan.com" target="_blank"><span><span>umberto@cubayucatan.com</span></span></a></strong></div>\r\n<div><span>Precios v&aacute;lidos hasta finales de mayo de 2013.</span></div>\r\n<div><span>Tenga en cuenta: un litro de gasolina cuesta 10 Pesos MXP, alrededor de Euro 0,65 &nbsp;y &nbsp;USD 0,78</span></div>\r\n<h3><strong>Reservaciones y consultas</strong></h3>\r\n<div><span>Las reservaciones normalmente ser&aacute;n con 30 d&iacute;as de antelaci&oacute;n a la fecha de inicio de la Gira.</span></div>\r\n<div><span>Descargue el formulario de reserva y envienlo a: ventas@cubayucatan.</span><strong><br /></strong></div>\r\n</div>', '<p><strong>QUOTA INDIVIDUALE DI<br />PARTECIPAZIONE</strong></p>\r\n<p>Durata: 10 giorni e 9 notti, tariffa individuale</p>\r\n<p>2 persone Euro 865 /per persona</p>\r\n<p>3 persone Euro 675 / per persona</p>\r\n<p>4 persone Euro 653 / per persona</p>\r\n<p>5 persone Euro 758 / per persona</p>\r\n<p>Prezzi validi fino a tutto maggio 2013.</p>\r\n<p>&nbsp;</p>', '<p>Duraci&oacute;n: 10 d&iacute;as y 9 noches, cuotas por persona</p>\r\n<div class="desc tmce">\r\n<p><span>2 personas 865 Euro / por persona</span></p>\r\n<p><span>3 personas Euro 675 / por persona</span></p>\r\n<p><span>4 personas Euro 653 / por persona</span></p>\r\n<p><span>5 personas Euro 758 / por persona</span></p>\r\n<p><span>Precios v&aacute;lidos hasta finales de mayo de 2013.</span></p>\r\n</div>', 1, 6, '2012-10-26 18:30:34');

-- --------------------------------------------------------

--
-- Estructura de tabla para la tabla `postimgs`
--

CREATE TABLE IF NOT EXISTS `postimgs` (
  `id` int(10) unsigned NOT NULL auto_increment,
  `post_id` int(10) unsigned default NULL,
  `src` varchar(255) NOT NULL,
  `portada` tinyint(1) default '0',
  `descripcion_ita` text,
  `descripcion_esp` text,
  `orden` int(10) unsigned default '0',
  `created` datetime default NULL,
  PRIMARY KEY  (`id`)
) ENGINE=MyISAM  DEFAULT CHARSET=utf8 AUTO_INCREMENT=24 ;

--
-- Volcado de datos para la tabla `postimgs`
--

INSERT INTO `postimgs` (`id`, `post_id`, `src`, `portada`, `descripcion_ita`, `descripcion_esp`, `orden`, `created`) VALUES
(1, 1, 'upload/localigay.jpg', 1, NULL, NULL, 1, '2012-10-25 17:35:33'),
(2, 2, 'upload/yuctaan_religion.jpg', 1, NULL, NULL, 2, '2012-10-25 17:42:13'),
(3, 3, 'upload/religionicuba.jpg', 1, NULL, NULL, 3, '2012-11-01 16:34:10'),
(4, 4, 'upload/bambini.jpg', 1, NULL, NULL, 4, '2012-11-01 16:38:42'),
(5, 5, 'upload/merida413518097001.jpg', 1, NULL, NULL, 5, '2012-11-01 16:41:40'),
(6, 6, 'upload/tienda.jpg', 1, NULL, NULL, 6, '2012-11-08 12:13:58'),
(7, 8, 'upload/cabanas_int_1.jpg', 1, '', '', 7, '2012-11-29 17:51:07'),
(8, 8, 'upload/cabanas_int_2.jpg', 0, '', '', 8, '2012-11-29 17:51:07'),
(9, 8, 'upload/cabanas_int_3.jpg', 0, '', '', 9, '2012-11-29 17:51:07'),
(10, 8, 'upload/cabanas_int_4.jpg', 0, '', '', 10, '2012-11-29 17:51:08'),
(11, 8, 'upload/cabanas_int_5.jpg', 0, '', '', 11, '2012-11-29 17:51:08'),
(12, 8, 'upload/cabanas_int_6.jpg', 0, '', '', 12, '2012-11-29 17:51:08'),
(13, 8, 'upload/cabanas_int_7.jpg', 0, '', '', 13, '2012-11-29 17:51:08'),
(14, 8, 'upload/cabanas_int_8.jpg', 0, '', '', 14, '2012-11-29 17:51:08'),
(15, 8, 'upload/cabanas_ext_2.jpg', 0, NULL, NULL, 15, '2012-12-01 12:14:50'),
(16, 8, 'upload/cabanas_ext_3.jpg', 0, NULL, NULL, 16, '2012-12-01 12:14:50'),
(17, 8, 'upload/cabanas_ext_4.jpg', 0, NULL, NULL, 17, '2012-12-01 12:14:50'),
(18, 8, 'upload/cabanas_ext_5.jpg', 0, NULL, NULL, 18, '2012-12-01 12:14:50'),
(19, 8, 'upload/cabanas_ext.jpg', 0, NULL, NULL, 19, '2012-12-01 12:14:50'),
(20, 10, 'upload/habana_paseo_prado_noche.jpg', 1, NULL, NULL, 20, '2012-12-03 10:53:09'),
(21, 11, 'upload/img_0327.jpg', 1, NULL, NULL, 21, '2012-12-10 10:59:53'),
(23, 19, 'upload/spettacolo_allescalinata13554352131.jpg', 1, '', '', 23, '2012-12-13 15:46:53');

-- --------------------------------------------------------

--
-- Estructura de tabla para la tabla `posts`
--

CREATE TABLE IF NOT EXISTS `posts` (
  `id` int(10) unsigned NOT NULL auto_increment,
  `tipo` enum('Ninguno','Cuba','Yucatan') default 'Cuba',
  `nombre_ita` varchar(255) NOT NULL,
  `nombre_esp` varchar(255) NOT NULL,
  `slug` varchar(255) NOT NULL,
  `subtitulo_ita` text,
  `subtitulo_esp` text,
  `layout` enum('Izquierda','Derecha','Centro') default 'Derecha',
  `descripcion_ita` text,
  `descripcion_esp` text,
  `activo` tinyint(1) default '1',
  `comment_count` int(11) default '0',
  `postimg_count` int(11) default '0',
  `created` datetime default NULL,
  PRIMARY KEY  (`id`)
) ENGINE=MyISAM  DEFAULT CHARSET=utf8 AUTO_INCREMENT=21 ;

--
-- Volcado de datos para la tabla `posts`
--

INSERT INTO `posts` (`id`, `tipo`, `nombre_ita`, `nombre_esp`, `slug`, `subtitulo_ita`, `subtitulo_esp`, `layout`, `descripcion_ita`, `descripcion_esp`, `activo`, `comment_count`, `postimg_count`, `created`) VALUES
(1, 'Cuba', 'Locali gay a La Habana', 'Lugares gay en La Habana', '1_locali-gay-a-la-habana', '<p>Fino a non molti anni fa, non esistevano locali gay di propriet&aacute; dello Stato, e feste e spettacoli erano organizzati da privati, in modo clandestino.</p>', '<p>Hasta hace algunos a&ntilde;os, no hab&iacute;a bares gays de propiedad del Estado, y fiestas y espect&aacute;culos eran organizados por particulares, de manera clandestina.</p>', 'Izquierda', '<p>Da qualche tempo per&oacute;, il CENESEX&nbsp; e la direttora Mariela Castro, figlia di Ra&uacute;l Castro, hanno&nbsp; lavorato molto negli ultimi anni per far accettare la diversit&aacute; sessuale a Cuba.</p>\r\n<p>I locali di questo tipo non sono molti, per&oacute; gi&aacute; lavorano in condizioni di tranquillit&aacute;, e tutti frequentatissimi.</p>\r\n<p><strong>Caf&eacute; Cantante Mi Habana, </strong>vicinissimo alla Plaza de la Revoluci&oacute;n, spettacoli nei fine settimana.</p>\r\n<p><strong>Piano Bar Habaneciendo</strong>, centro citt&aacute;, musica e balli, un sacco di gente, bisogna fare la fila.</p>\r\n<p><strong>Antico Cabaret Las Vegas</strong>, gioved&iacute; a mezzanotte, spettacoli con l&rsquo;appoggio del Ministero della Cultura.</p>\r\n<p><strong>Pe&ntilde;a El Mejunje, </strong>a Santa Clara, spettacolo di Drag Queen.</p>\r\n<p>Il personale di questi locali, all&rsquo;inizio cautamente attento ma diffidente, ha via via accettato questo tipo di spettacoli e il cambio culturale che comporta.</p>', '<p>Desde hace alg&uacute;n tiempo, sin embargo, el CENESEX y la directora Mariela Castro, hija de Ra&uacute;l Castro, han trabajado duro en los &uacute;ltimos a&ntilde;os para hacer aceptar la diversidad sexual en Cuba</p>\r\n<p>Los locales de este tipo no son muchos, pero ya trabajan en condiciones de tranquilidad, y &nbsp;todos son muy populares.</p>\r\n<p><strong>Caf&eacute; Cantante Mi Habana,</strong> cerca de la Plaza de la Revoluci&oacute;n, espectaculos todos los fines de semana.</p>\r\n<p><strong>Piano Bar Habaneciendo,</strong> centro de la ciudad, m&uacute;sica y &nbsp;baile, un mont&oacute;n de gente, hay que hacer cola.</p>\r\n<p><strong>Ancient Cabaret Las Vegas</strong>, el jueves a la medianoche espectaculos con el apoyo del Ministerio de Cultura.</p>\r\n<p><strong>Pe&ntilde;a El Mejunje</strong>, en Santa Clara, espect&aacute;culo de Drag Queens.</p>\r\n<p>El personal de estos lugares, al cominezo atento pero desconfiado, poco a poco ha aceptado este tipo de espect&aacute;culos y el cambio cultural que implica.</p>', 1, 1, 1, '2012-10-25 17:35:32'),
(2, 'Yucatan', 'Religioni antiche e attuali', 'Religiones antiguas y actuales', '2_religioni-antiche-e-attuali', '<p>Vita quotidiana, arte, cultura, scienza, riti agricoli, oganizzazione, controllo sociale e politico, in una parola l&rsquo;intera civilt&aacute;&nbsp; dei Maya si basava sulla religione, dominata dal potente gruppo dei sacerdoti.</p>', '<p>Vida cotidiana, arte, cultura, ciencia, ritos agr&iacute;colas, oganizaciones, control social y pol&iacute;tico, en una palabra, toda la civilizaci&oacute;n Maya se basaba en la religi&oacute;n, dominada por el poderoso grupo de sacerdotes.</p>', 'Izquierda', '<h2>Antica religione Maya.</h2>\r\n<p><strong>Vita quotidiana</strong>, arte, cultura, scienza, riti agricoli, oganizzazione, controllo sociale e politico, in una parola l&rsquo;intera civilt&aacute;&nbsp; dei Maya si basava sulla religione, dominata dal potente gruppo dei sacerdoti.</p>\r\n<p>Vale la pena dare qualche dettaglio.</p>\r\n<p><strong>Religione politeista</strong> in primo luogo, dove i molti d&eacute;i erano le forze della Natura, pioggia, astri, morte, ma anche maternit&aacute;, malattie ecc. Gli d&eacute;i si mostravano agli umani anche sotto forma di animali, il giaguaro rappresentava il sole, il crotalo la fertilit&aacute; della terra, il serpente era la pioggia e il pipistrello la morte.</p>\r\n<p><strong>Dualismo.</strong> Esistono gli d&eacute;i del bene e quelli del male, opposti ma complementari, vicini, anzi &ldquo;confinanti&rdquo;, in lotta perenne ma reciprocamente indispensabili. Non era possibile l&rsquo;esistenza&nbsp; degli uni senza quella gli altri, impossibile separarli, formavano un tutt&rsquo;uno con due volti.</p>\r\n<h2>Alcune divinit&aacute; Maya.</h2>\r\n<p>Nell&rsquo;arte Maya, venivano spesso rappresentati come esseri fantastici,&nbsp; a volte come un insieme di caratteristiche umane e parti di diversi animali.</p>\r\n<p>Hunab Ku,&nbsp; principio e misura di tutto, padre di tutti gli d&eacute;i, realt&aacute; palpitante in ogni essere o cosa, &ldquo;colui che da&rsquo; l&rsquo;unico movimento&rdquo;.</p>\r\n<p>Primo Motore, se cos&iacute; si pu&oacute; dire. Impossibile da raffigurare: essendo ovunque, non aveva forma.</p>\r\n<p>Itzamn&aacute;, grande figlio di Hunab Ku, signore dei cieli e degli astri, del giorno e quindi della notte, primo sacerdote, inventore della scrittura e dei libri. Divise le terre di Yucat&aacute;n e diede loro il nome. Divinit&aacute; generosa, mai associata a simboli di morte o distruzione.</p>\r\n<p>Kukulk&aacute;n, il Serpente Piumato, dio del vento, associato a Chaac, dio della pioggia e dei raccolti, perch&eacute; il vento manda via la pioggia.</p>\r\n<p>Yum Kaak favoriva le sorti del ma&iuml;s, cibo per eccellenza dei Maya, Ixchel controllava la medicina e Ah Puch dava la morte. Kakupakat-EK Chuah, era dio della guerra.</p>\r\n<p>C&rsquo;era persino Ixtab, dea del suicidio.</p>\r\n<p>Il libro sacro Maya, il pi&uacute; antico del continente, era il Popol Vuh, l&rsquo;unico salvato dalla furia distruttrice degli invasori europei.</p>\r\n<h2>Religioni attuali (numero di credenti)</h2>\r\n<p>Fonte: INEGI</p>\r\n<p>&nbsp;</p>\r\n<p><strong>Cristiano-Evangeliche</strong></p>\r\n<p>&nbsp;Cattolica&nbsp;&nbsp;&nbsp;&nbsp;&nbsp;&nbsp;&nbsp;&nbsp;&nbsp;&nbsp;&nbsp;&nbsp;&nbsp;&nbsp;&nbsp;&nbsp;&nbsp;&nbsp;&nbsp;&nbsp;&nbsp;&nbsp;&nbsp;&nbsp;&nbsp;&nbsp;&nbsp;&nbsp;&nbsp;&nbsp;&nbsp;&nbsp;&nbsp;&nbsp;&nbsp;&nbsp;&nbsp;&nbsp; 1.554.000</p>\r\n<p>Protestanti e Evangelici&nbsp;&nbsp;&nbsp;&nbsp;&nbsp;&nbsp;&nbsp;&nbsp;&nbsp;&nbsp;&nbsp;&nbsp;&nbsp;&nbsp;&nbsp;&nbsp;&nbsp; &nbsp;211.000</p>\r\n<p>Pentecostali&nbsp;&nbsp;&nbsp;&nbsp;&nbsp;&nbsp;&nbsp;&nbsp;&nbsp;&nbsp;&nbsp;&nbsp;&nbsp;&nbsp;&nbsp;&nbsp;&nbsp;&nbsp;&nbsp;&nbsp;&nbsp;&nbsp;&nbsp;&nbsp;&nbsp;&nbsp;&nbsp;&nbsp;&nbsp;&nbsp;&nbsp;&nbsp;&nbsp; &nbsp;&nbsp;&nbsp;&nbsp;&nbsp;53.000</p>\r\n<p>Altre Evangeliche&nbsp;&nbsp;&nbsp;&nbsp;&nbsp;&nbsp;&nbsp;&nbsp;&nbsp;&nbsp;&nbsp;&nbsp;&nbsp;&nbsp;&nbsp;&nbsp;&nbsp;&nbsp;&nbsp;&nbsp;&nbsp;&nbsp;&nbsp;&nbsp;&nbsp;&nbsp;&nbsp; 102.000&nbsp;</p>\r\n<p>Religioni Storiche &nbsp;&nbsp;&nbsp;&nbsp;&nbsp;&nbsp;&nbsp;&nbsp;&nbsp;&nbsp;&nbsp;&nbsp;&nbsp;&nbsp;&nbsp;&nbsp;&nbsp;&nbsp;&nbsp;&nbsp;&nbsp;&nbsp;&nbsp;&nbsp;&nbsp;&nbsp;&nbsp;55.000</p>\r\n<p>&nbsp;</p>\r\n<p><strong>Bibliche non evangeliche &nbsp; &nbsp;</strong> &nbsp; &nbsp; &nbsp; &nbsp; &nbsp; &nbsp; &nbsp;&nbsp;</p>\r\n<p>Avventiste&nbsp;&nbsp;&nbsp;&nbsp;&nbsp;&nbsp;&nbsp;&nbsp;&nbsp;&nbsp;&nbsp;&nbsp;&nbsp;&nbsp;&nbsp;&nbsp;&nbsp;&nbsp;&nbsp;&nbsp;&nbsp;&nbsp;&nbsp;&nbsp;&nbsp;&nbsp;&nbsp;&nbsp;&nbsp;&nbsp;&nbsp;&nbsp;&nbsp;&nbsp;&nbsp;&nbsp;&nbsp;&nbsp;&nbsp;&nbsp;&nbsp; 16.000</p>\r\n<p>Mormoni&nbsp;&nbsp;&nbsp;&nbsp;&nbsp;&nbsp;&nbsp;&nbsp;&nbsp;&nbsp;&nbsp;&nbsp;&nbsp;&nbsp;&nbsp;&nbsp;&nbsp;&nbsp;&nbsp; &nbsp;&nbsp;&nbsp;&nbsp;&nbsp;&nbsp;&nbsp;&nbsp;&nbsp;&nbsp;&nbsp;&nbsp;&nbsp;&nbsp;&nbsp;&nbsp;&nbsp;&nbsp;&nbsp;&nbsp;&nbsp;&nbsp;&nbsp;&nbsp;10.500</p>\r\n<p>Testimoni di Geova&nbsp;&nbsp;&nbsp;&nbsp;&nbsp;&nbsp;&nbsp;&nbsp;&nbsp;&nbsp;&nbsp;&nbsp;&nbsp;&nbsp;&nbsp;&nbsp;&nbsp;&nbsp;&nbsp;&nbsp;&nbsp;&nbsp;&nbsp;&nbsp;&nbsp;&nbsp; 35.900</p>\r\n<p>&nbsp;</p>\r\n<p>Giudaismo&nbsp; &nbsp;&nbsp;&nbsp;&nbsp;&nbsp;&nbsp;&nbsp;&nbsp;&nbsp;&nbsp;&nbsp;&nbsp;&nbsp;&nbsp;&nbsp;&nbsp;&nbsp;&nbsp;&nbsp;&nbsp;&nbsp;&nbsp;&nbsp;&nbsp;&nbsp;&nbsp;&nbsp;&nbsp;&nbsp;&nbsp;&nbsp;&nbsp;&nbsp;&nbsp;&nbsp;&nbsp;&nbsp;&nbsp;&nbsp;&nbsp;&nbsp;&nbsp;&nbsp;650</p>\r\n<p>Altre religioni&nbsp;&nbsp;&nbsp;&nbsp;&nbsp;&nbsp;&nbsp;&nbsp;&nbsp;&nbsp;&nbsp;&nbsp;&nbsp;&nbsp;&nbsp;&nbsp;&nbsp;&nbsp;&nbsp;&nbsp;&nbsp;&nbsp;&nbsp;&nbsp;&nbsp;&nbsp;&nbsp;&nbsp;&nbsp;&nbsp;&nbsp;&nbsp;&nbsp;&nbsp;&nbsp; &nbsp;&nbsp;1.100</p>\r\n<p>&nbsp;Senza religione&nbsp;&nbsp;&nbsp;&nbsp;&nbsp;&nbsp;&nbsp;&nbsp;&nbsp;&nbsp;&nbsp;&nbsp;&nbsp;&nbsp;&nbsp;&nbsp;&nbsp;&nbsp;&nbsp;&nbsp;&nbsp;&nbsp;&nbsp;&nbsp;&nbsp;&nbsp;&nbsp;&nbsp;&nbsp;&nbsp;&nbsp; 93.300</p>\r\n<p>&nbsp;</p>\r\n<p>Non specifica, non risponde &nbsp;&nbsp;&nbsp;&nbsp;&nbsp;&nbsp;&nbsp;&nbsp;&nbsp;&nbsp;&nbsp;&nbsp;31.800</p>', '<h2>Antigua religi&oacute;n Maya</h2>\r\n<p><strong>Vida cotidiana</strong>, arte, cultura, ciencia, ritos agr&iacute;colas, oganizaci&oacute;n, control social y pol&iacute;tico, en una palabra, toda la civilizaci&oacute;n Maya se basaba en la religi&oacute;n, dominada por el poderoso grupo de sacerdotes.</p>\r\n<p>Vale la pena dar un poco de detalles.</p>\r\n<p><strong>Religi&oacute;n polite&iacute;sta</strong>, en primer lugar: muchos dioses eran las fuerzas de la naturaleza, la lluvia, las estrellas, la muerte, as&iacute; como la maternidad, la enfermedad, etc. Los dioses se mostraban a los humanos en forma de animales: el jaguar representaba el sol, la serpiente de cascabel &nbsp;la fertilidad de la tierra, la serpiente era la lluvia y el murcielago, la muerte.</p>\r\n<p><strong>Dualidad.</strong> Ah&iacute; est&aacute;n los dioses del bien y del mal, opuestos pero complementarios, vecinos, o incluso "lindantes", en lucha perpetua pero indispensables mutuamente. No era imaginable la existencia de unos sin sus contrarios, imposible separarlos, formaban un todo con dos caras.</p>\r\n<p>&nbsp;</p>\r\n<h2>Algunas deidades Maya.</h2>\r\n<p>&nbsp;</p>\r\n<p>En el <strong>Arte Maya,</strong> eran a menudo representadas como seres fant&aacute;sticos, a veces como un conjunto de caracter&iacute;sticas humanas y partes de distintos animales.</p>\r\n<p><strong>Hunab Ku,</strong>&nbsp;principio y la medida de todas las cosas, padre de todos los dioses, palpitante realidad de cada ser o cosa ", "el que da uno el &uacute;nico movimiento". Primer Motor, por as&iacute; decirlo. Imposible representarle: est&aacute; en todas partes, pu&eacute;s no ten&iacute;a forma.</p>\r\n<p><strong>Itzamn&aacute;</strong>, gran hijo de Hunab Ku, Se&ntilde;or del cielo y de las estrellas, del d&iacute;a y de la noche, primer sacerdote, inventor de la escritura y de los libros. Dividi&oacute; las tierras de Yucat&aacute;n y les dio el nombre. Divinidad generosa, nunca asociado con s&iacute;mbolos de muerte o destrucci&oacute;n.</p>\r\n<p><strong>Kukulk&aacute;n</strong>, la Serpiente Emplumada, dios del viento, asociados a Chaac, dios de la lluvia y de las cosechas, porque el viento env&iacute;a la lluvia.</p>\r\n<p><strong>Yum Kaak</strong> favorec&iacute;a la cosecha del ma&iacute;z, el alimento por excelencia de los Mayas, &nbsp;<strong>Ixchel</strong> controlaba la medecina y <strong>Ah Puch</strong> daba la muerte. <strong>Kakupakat-EK Chuah</strong>, era el dios de la guerra.</p>\r\n<p>Hab&iacute;a incluso <strong>Ixtab</strong>, diosa del suicidio.</p>\r\n<p><strong>El libro sagrado</strong> de los Mayas, la m&aacute;s antigua del continente, fue el <strong>Popol Vuh</strong>, el &uacute;nico salvado de la furia destructora de los invasores europeos.</p>\r\n<p>&nbsp;</p>\r\n<p>&nbsp;</p>\r\n<h2>Las religiones actuales (n&uacute;mero de creyentes)</h2>\r\n<p>Fuente: <strong>INEGI</strong></p>\r\n<p>&nbsp;</p>\r\n<p>&nbsp;</p>\r\n<h3>Cristianos- Evang&eacute;licos</h3>\r\n<p>&nbsp;</p>\r\n<p>Cat&oacute;licos &nbsp;1,554,000</p>\r\n<p>Protestantes y Evang&eacute;licos &nbsp; &nbsp;211,000</p>\r\n<p>Pentecostales &nbsp; &nbsp;53,000</p>\r\n<p>Otros Evang&eacute;licos &nbsp; 102,000</p>\r\n<p>Religiones hist&oacute;ricas &nbsp;55,000</p>\r\n<p>&nbsp;</p>\r\n<h3>No Evangelicos b&iacute;blicos&nbsp;</h3>\r\n<p>&nbsp;</p>\r\n<p>Adventistas &nbsp;16,000</p>\r\n<p>Mormones &nbsp; 10,500</p>\r\n<p>Testigos de Jehov&aacute; &nbsp; 35,900</p>\r\n<p>&nbsp;</p>\r\n<h3>Otras culturas religiosas&nbsp;</h3>\r\n<p>Juda&iacute;smo &nbsp;650</p>\r\n<p>Otras religiones &nbsp;&nbsp;1,100</p>\r\n<p>Sin religi&oacute;n &nbsp;93,300</p>\r\n<p>&nbsp;</p>\r\n<h3>No espec&iacute;fica o no responde &nbsp;</h3>\r\n<p>31,800</p>', 1, 0, 1, '2012-10-25 17:42:13'),
(3, 'Cuba', 'Religioni', 'Religiones', '3_religioni', '<p>La Santeria &eacute; la fede religiosa pi&uacute; comune e seguita a Cuba. I calcoli pi&uacute; affidabili riferiscono di una percentuale di credenti del 75% sull&rsquo;intera popolazione dell&rsquo;Isola. Molti praticano la Santeria e nello stesso tempo altre religioni, come per esempio la cattolica.</p>', '<p>La Santer&iacute;a es la religi&oacute;n m&aacute;s com&uacute;n y seguida en Cuba, con un porcentaje de creyentes del 75% de toda la poblaci&oacute;n de la isla. Muchos practican la santer&iacute;a y otras religiones al mismo tiempo, como la cat&oacute;lica.</p>', 'Izquierda', '<p>La Santeria &eacute; la fede religiosa pi&uacute; comune e seguita a Cuba. I calcoli pi&uacute; affidabili riferiscono di una percentuale di credenti del 75% sull&rsquo;intera popolazione dell&rsquo;Isola. Molti praticano la Santeria e nello stesso tempo altre religioni, come per esempio la cattolica.</p>\r\n<p>I sacerdoti si chiamano &ldquo;Santeros&rdquo;.</p>\r\n<p>Rivela influenze Vudu dalla vicina Haiti, soprattutto nelle regioni orientali.</p>\r\n<p>La &ldquo;Santeria&rdquo; &eacute; il risultato della sintesi di cristianesimo e animismo africano, introdotto &nbsp;a&nbsp; Cuba dagli schiavi.</p>\r\n<p>Per sopravvivere alla repressione coloniale, e continuare a conservare le loro credenze, gli schiavi nascosero i loro &ldquo;santi&rdquo; associadoli a quelli cristiani.</p>\r\n<p>&nbsp;</p>\r\n<p>Ecco qualche esempio.</p>\r\n<p>&nbsp;</p>\r\n<p>La patrona di Cuba, la Virgen de la Caridad del Cobre, &eacute; associata con Och&uacute;n, dedicata all&rsquo;amore, alla femminilit&aacute; e ai fiumi, a grazia e&nbsp; sessualit&aacute; femminili.</p>\r\n<p>Protegge sangue, fegato, genitali e cura ogni tipo di emorragia.</p>\r\n<p>&nbsp;</p>\r\n<p>Il suo colore &eacute; il giallo.</p>\r\n<p>Il numero: il 5 con i multipli.</p>\r\n<p>La &nbsp;festa &eacute; l&rsquo;8 settembre.</p>\r\n<p>San Francesco d&rsquo;Assisi&nbsp; &eacute; Orula, che simboleggia la saggezza e la preveggenza, la possibilit&aacute; di cambiare il destino, anche il pi&uacute; avverso.</p>\r\n<p>I suoi colori sono il giallo e il verde, alternati.</p>\r\n<p>Vuole tutti i numeri.</p>\r\n<p>La &nbsp;festa &eacute; il 4 ottobre.</p>\r\n<p>&nbsp;</p>\r\n<p>Santa Barbara &eacute; Chang&oacute; (pronuncia il &ldquo;ch&rdquo; come la &ldquo;c&rdquo; di cerimonia), padre e guida formidabile. Chang&oacute; domina tuoni, fulmini e tempeste, ha nelle mani forza e giustizia, ama la danza, il fuoco e l&rsquo;intensit&aacute; della vita.</p>\r\n<p>&nbsp;</p>\r\n<p>I suoi colori sono il rosso e il bianco.</p>\r\n<p>I &nbsp;numeri:&nbsp; 4,&nbsp; 6,&nbsp; 12.</p>\r\n<p>La &nbsp;festa &eacute; il 4 dicembre.</p>\r\n<p>&nbsp;</p>\r\n<p><strong>Altre religioni</strong></p>\r\n<p>Esistono naturalmente altre religioni, come gi&aacute; detto spesso praticate contemporaneamente alla Santeria.</p>\r\n<p>La&nbsp; Cristiana, fin dai tempi della Conquista spagnola, sia nella fede Cattolica che Prostestante.</p>\r\n<p>I Protestanti sono presenti con pi&uacute; di 54 tipi di Chiese, come la Presbiteriana, la Battista, la Metodista ecc.</p>\r\n<p>Anche l&rsquo;Ebraismo &eacute; presente, cos&iacute; come lo Spiritismo e il Vudu.&nbsp;</p>', '<p>Seg&uacute;n los c&aacute;lculos, la <strong>Santer&iacute;a</strong> es la religi&oacute;n m&aacute;s comun y seguida en Cuba con un por ciento de creyentes del 75% de toda la poblaci&oacute;n de la isla. Muchos practican la santer&iacute;a y otras religiones al mismo tiempo, como la Cat&oacute;lica.</p>\r\n<p>Los sacerdotes son llamados "Santeros".</p>\r\n<p>Revela influencias Vudu de la vecina Hait&iacute;, especialmente en las regiones orientales.</p>\r\n<p>La "Santer&iacute;a" es el resultado de la s&iacute;ntesis de cristianismo y animismo africano, tra&iacute;do a Cuba por los esclavos.</p>\r\n<p>Para sobrevivir a la represi&oacute;n colonial, y contin&uacute;ar manteniendo sus creencias, los esclavos escondieron sus "santos" asociadolos a los de lo cristianos.</p>\r\n<p>&nbsp;</p>\r\n<p>&Eacute;stos son algunos ejemplos.</p>\r\n<p>&nbsp;</p>\r\n<p>La patrona de Cuba, la <strong>Virgen de la Caridad del Cobre</strong>, se asocia con <strong>Och&uacute;n</strong>, dedicada al amor, a la feminidad y a los r&iacute;os, la gracia y la sexualidad femenina.</p>\r\n<p>Protege la sangre, el h&iacute;gado, y curar todo tipo de sangrado.</p>\r\n<p>Su color es el amarillo.</p>\r\n<p>El n&uacute;mero: 5, con los m&uacute;ltiplos.</p>\r\n<p>Se festeja el 8 de septiembre.</p>\r\n<p><strong>&nbsp;</strong></p>\r\n<p><strong>San Francisco de As&iacute;s</strong> es<strong> Orula</strong>, que simboliza sabidur&iacute;a y visi&oacute;n de futuro, la posibilidad de cambiar el destino, incluso el m&aacute;s hostil.</p>\r\n<p>Sus colores son el amarillo y el verde alternados.</p>\r\n<p>&Eacute;l quiere todos los n&uacute;meros.</p>\r\n<p>Se festeja el 4 de octubre.</p>\r\n<p>&nbsp;</p>\r\n<p><strong>Santa B&aacute;rbara</strong> es <strong>Chang&oacute;,&nbsp;</strong>&nbsp;padre y gu&iacute;a formidable. Chang&oacute; domina el trueno, el rayo y las tormentas, tiene en su &nbsp;manos poder y justicia, ama la danza, el fuego y la intensidad de la vida.</p>\r\n<p>Sus colores son el rojo y el blanco.</p>\r\n<p>Los n&uacute;meros: 4, 6, 12.</p>\r\n<p>Se festeja el 4 de diciembre.</p>\r\n<p>&nbsp;</p>\r\n<p><strong>Otras religiones</strong></p>\r\n<p>Por supuesto, hay otras religiones, como ya se dijo, a menudo practicadas al mismo tiempo que la Santer&iacute;a.</p>\r\n<p>La <strong>Cristiana,</strong> desde la &eacute;poca de la conquista espa&ntilde;ola, tanto en la fe <strong>Cat&oacute;lica</strong> que <strong>Prostestante.</strong></p>\r\n<p>Los Protestantes est&aacute;n presentes con m&aacute;s de 54 tipos de Iglesias, como la Presbiteriana, Bautista, Metodista, etc.</p>\r\n<p>El <strong>Juda&iacute;smo</strong> tambi&eacute;n est&aacute; presente, as&iacute; como el <strong>Espiritismo</strong> y el <strong>Vudu.</strong></p>', 1, 0, 1, '2012-11-01 16:30:46'),
(4, 'Cuba', 'Se viaggiate con bambini, ecco alcuni posti belli e  tranquilli dove potete portarli', 'Si viajan con ni&ntilde;os, aqu&iacute; hay algunos lugares hermosos y tranquilos', '4_se-viaggiate-con-bambini-ecco-alcuni-posti-belli-e--tranquilli-dove-potete-portarli', '<p>Gui&ntilde;ol, Teatro di marionette. Tecniche di rappresentazione modernissime fanno di questa Compagnia Teatrale una delle pi&uacute; importanti di Cuba per quanto riguarda il Teatro Infantile. Se viaggiate con bambini portateceli, si divertiranno di certo, e anche voi.</p>', '<p>Gui&ntilde;ol, el Teatro de Marionetas. Las t&eacute;cnicas modernas de representaci&oacute;n hacen de este uno de la compa&ntilde;&iacute;a de teatro m&aacute;s importante de Cuba con respecto al Teatro Infantil. Si viajan con ni&ntilde;os hay que llevarlos, por supuesto se divertir&aacute;n, y ustedes tambi&eacute;n.</p>', 'Izquierda', '<h2>&nbsp;</h2>\r\n<p>&nbsp;</p>\r\n<p>&nbsp;</p>\r\n<p>&nbsp;</p>\r\n<h2>&nbsp;</h2>\r\n<h2>La Havana</h2>\r\n<p>Ricreazione marina, Marina Hemingway.<br /> Parque Lenin, giro in treno. <br /> Jard&iacute;n Zool&oacute;gico Nacional.</p>\r\n<p>Parque La Maestranza. <br /> Parque Zool&oacute;gico Nacional. <br /> Teatro Infantil. <br /> Golfito Almendares (Golf per piccoli)<br /> Acuario Nacional de Cuba. <br /> Aquarium de La Habana Vieja. &nbsp;</p>\r\n<p>Gui&ntilde;ol, Teatro di marionette. Tecniche di rappresentazione modernissime fanno di questa Compagnia Teatrale una delle pi&uacute; importanti di Cuba per quanto riguarda il Teatro Infantile. Se viaggiate con bambini portateceli, si divertiranno di certo, e anche voi, come capita a me.</p>\r\n<p>&nbsp;</p>\r\n<h2>Cienfuegos</h2>\r\n<p>Delfinario de Cienfuegos.&nbsp;</p>\r\n<p>Parque Recreativo Infantil.</p>\r\n<h2>Trinidad</h2>\r\n<p>Gita in treno a vapore nella Valle de los Ingenios.</p>\r\n<p>&nbsp;</p>\r\n<h2>Santa Clara</h2>\r\n<p>Pe&ntilde;a El Mejunje, per i bambini,&nbsp;<strong>s</strong><strong>olo</strong><strong>&nbsp;</strong>domenica pomeriggio</p>\r\n<p><strong>&nbsp;</strong></p>\r\n<h2>Camag&uuml;ey</h2>\r\n<p>Gui&ntilde;ol, teatro di marionette, venerd&iacute; alle 15, sabato e domenica alle 10</p>\r\n<p>&nbsp;</p>\r\n<h2>Santiago de Cuba</h2>\r\n<p>Parque Infantil Sigua. &nbsp;</p>\r\n<p>Parque Zool&oacute;gico. &nbsp;<br /> Acuario de Baconao.</p>\r\n<p>Valle de la Prehistoria, riproduzioni di dinosauri in acciaio e cemento.</p>', '<h2>La Habana</h2>\r\n<p><strong>&nbsp;</strong></p>\r\n<p><strong>Marina Hemingway, </strong>puerto deportivo</p>\r\n<p><strong>Parque Lenin</strong>, viaje en tren.</p>\r\n<p><strong>Jard&iacute;n Zool&oacute;gico Nacional.</strong></p>\r\n<p><strong>Parque La Maestranza.</strong></p>\r\n<p><strong>Parque Zool&oacute;gico Nacional.</strong></p>\r\n<p><strong>Teatro Infantil.</strong></p>\r\n<p><strong>Golfito Almendares</strong> (Golf para peque&ntilde;os)</p>\r\n<p><strong>Acuario Nacional de Cuba</strong></p>\r\n<p><strong>Acuario de La Habana Vieja.</strong></p>\r\n<p><strong>Gui&ntilde;ol,</strong> el Teatro de Marionetas. Las t&eacute;cnicas modernas de representaci&oacute;n hacen de este uno de la compa&ntilde;&iacute;a de teatro m&aacute;s importante de Cuba con respecto al Teatro Infantil. Si viajan con ni&ntilde;os hay que llevarlos, por supuestose divertir&aacute;n, y ustedes tambi&eacute;n.</p>\r\n<p>&nbsp;</p>\r\n<h2>Cienfuegos</h2>\r\n<p>&nbsp;</p>\r\n<p><strong>Delfinario de Cienfuegos.</strong></p>\r\n<p><strong>Parque Recreativo Infantil.</strong></p>\r\n<p>&nbsp;</p>\r\n<p>&nbsp;</p>\r\n<h2>Trinidad</h2>\r\n<p>Viaje en tren de vapor en el <strong>Valle de los Ingenios.</strong></p>\r\n<p>&nbsp;</p>\r\n<h2>Santa Clara</h2>\r\n<p><strong>Pe&ntilde;a El Mejunje</strong> para los ni&ntilde;os, <strong>s&oacute;lo</strong> la tarde del domingo</p>\r\n<p>&nbsp;</p>\r\n<h2>Camag&uuml;ey</h2>\r\n<p><strong>Gui&ntilde;ol</strong>, Teatro de Marionetas, viernes a las 15, sabado y domingo a las 10</p>\r\n<p>&nbsp;</p>\r\n<h2>Santiago de Cuba</h2>\r\n<p><strong>&nbsp;</strong></p>\r\n<p><strong>Parque Infantil Sigua.</strong></p>\r\n<p><strong>Parque Zool&oacute;gico.</strong></p>\r\n<p><strong>Acuario de Baconao.</strong></p>\r\n<p><strong>Valle de la Prehistoria</strong>, las reproducciones de dinosaurios en acero y hormig&oacute;n.</p>', 1, 0, 1, '2012-11-01 16:36:46'),
(5, 'Yucatan', 'Yucat&aacute;n &eacute; un posto sicuro', 'Yucat&aacute;n es un lugar seguro', '5_yucatan-e-un-posto-sicuro', '<p>Certamente conoscete i problemi del Messico legati al narcotraffico e alla criminalit&aacute;. &nbsp;Ne parla la stampa del mondo intero.</p>', '<p>Por supuesto que conocen los problemas de M&eacute;xico relacionados con el tr&aacute;fico de drogas y la delincuencia. De eso habla la prensa de todo el mundo.</p>', 'Izquierda', '<p>Certamente conoscete i problemi del Messico legati al narcotraffico e alla criminalit&aacute;. &nbsp;Ne parla la stampa del mondo intero.</p>\r\n<p>&nbsp;</p>\r\n<p>Questa situazione interessa e coinvolge gli Stati Federati del nord della Repubblica del Messico, specialmente quelli al confine con gli Stati Uniti d&rsquo;America, cio&eacute; Baja California, Sonora, Chihuahua, Coahuila, Nuevo Le&oacute;n e Tamaulipas, e altri Stati del Messico centrale, per esempio Michoac&aacute;n, Estado de M&eacute;xico, Distrito Federal ecc.</p>\r\n<p>&nbsp;</p>\r\n<p>Yucat&aacute;n &eacute; al contrario tranquillissimo.</p>\r\n<p>Si pu&oacute; girare ovunque senza timori, sia in&nbsp; auto che a piedi, usando le stesse precauzioni di base che sono da consigliare in qualsiasi posto del mondo, ma nulla pi&uacute;.</p>\r\n<p>&nbsp;</p>\r\n<p>Il livello di criminalit&aacute; &eacute; pi&uacute; basso che in molte citt&aacute; europee.&nbsp;</p>', '<p>Por supuesto que conocen los problemas de M&eacute;xico relacionados con el tr&aacute;fico de drogas y la delincuencia. De esto habla la prensa en todo el mundo.</p>\r\n<p>&nbsp;</p>\r\n<p>Esta situaci&oacute;n afecta e involucra a los Estados Federados del norte de la Rep&uacute;blica de M&eacute;xico, especialmente la frontera con los Estados Unidos de Am&eacute;rica, que son Baja California, Sonora, Chihuahua, Coahuila, Nuevo Le&oacute;n y Tamaulipas y otros estados del centro de M&eacute;xico, por ejemplo Michoac&aacute;n, Estado de M&eacute;xico, Distrito Federal, etc.</p>\r\n<p>&nbsp;</p>\r\n<p>Yucat&aacute;n es por el contrario muy tranquilo.</p>\r\n<p>Se puede andar en cualquier lugar sin temor, ya sea en coche o a pie, con las mismas precauciones b&aacute;sicas que se van a recomendar en cualquier parte del mundo, pero nada m&aacute;s.</p>\r\n<p>&nbsp;</p>\r\n<p>El nivel de criminalidad es m&aacute;s bajo que en muchas ciudades europeas.</p>', 1, 0, 1, '2012-11-01 16:41:40'),
(6, 'Yucatan', '&ldquo;Tienda&rdquo; di prodotti e essenze naturali  Villaggio di Solferino, Stato di Quintana Roo', 'Tienda de productos y esencias naturales del pueblo de Solferino, Quintana Roo', '6_tienda-di-prodotti-e-essenze-naturali--villaggio-di-solferino-stato-di-quintana-roo', '<p>Nel Villaggio di Solferino esiste una &ldquo;tienda&rdquo; Maya di prodotti naturali di igiene,<br />bellezza e cura del corpo, di qualit&agrave; ottima e a prezzi molto contenuti.</p>', '<p>En el pueblo de Solferino hay una tienda Maya de productos naturales para higiene,<br />cuidado de la belleza y del cuerpo, de excelente calidad y precios muy razonables.</p>', 'Izquierda', '<p>Nel Villaggio di Solferino esiste una &ldquo;tienda&rdquo; Maya di prodotti naturali di igiene,<br />bellezza e cura del corpo, di qualit&agrave; ottima e a prezzi molto contenuti,<br />assolutamente competitivi nei confronti dei loro corrispondenti industriali, con il<br />valore aggiunto di utilizzare esclusivamente essenze estratte da piante, arbusti<br />e erbe della foresta delle zone Maya.</p>\r\n<p>Sono privi di conservanti o altre sostanze chimiche, e per ci&ograve; stesso<br />completamente biodegradabili.<br />Creme per la pelle di vario tipo, creme solari, shampoos, unguenti,<br />condizionatori per capelli, repellenti per insetti, ecc.<br />Ogni prodotto &eacute; il risultato della mescolanza di un certo numero di componenti<br />naturali, spesso di molti.</p>\r\n<p>La Comunit&agrave; Maya raccoglie da sempre le piante da cui si ricavano le essenze<br />utilizzate senza danneggiare la foresta, produce e confeziona completamente a<br />mano e sul posto tutto ci&ograve; che vende, direttamente e senza intermediari.</p>', '<p>En el pueblo de Solferino hay una tienda Maya de productos naturales de higiene,&nbsp;cuidado de la belleza y del cuerpo, de excelente calidad y precios muy bajos,&nbsp;absolutamente competitiva frente a su sector correspondiente, con el&nbsp;valor a&ntilde;adido de usar para la producci&oacute; esencias &uacute;nicas,</p>\r\n<p><span style="text-align: justify;">extra&iacute;das de plantas, arbustos&nbsp;</span><span style="text-align: justify;">y hierbas en las zonas forestales Mayas.</span></p>\r\n<p>Son libres de conservantes u otros productos qu&iacute;micos, y por lo tanto&nbsp;completamente biodegradables.<br />Cremas para la piel de diversos tipos, filtros solares, champ&uacute;s, ung&uuml;entos,&nbsp;acondicionadores para el cabello, repelentes de insectos, etc.<br />Cada producto es el resultado de la mezcla de un cierto n&uacute;mero de componentes&nbsp;naturales, a menudo de muchos.</p>\r\n<p>La Comunidad Maya desde siempre recoge las plantas, que producen las esencias&nbsp;utilizadas sin da&ntilde;ar el bosque, produce y envasa completamente a&nbsp;mano y en sus lugares originarios todo lo que vende, directamente y sin intermediarios.</p>', 1, 1, 1, '2012-11-08 11:21:50'),
(8, 'Yucatan', 'Foto dei Bungalows del Villaggio Maya di Ek Balam, interni e esterni', 'Fotos de las Caba&ntilde;as de la Aldea Maya De Ek Balam. Interiores y exteriores.', '8_foto-dei-bungalows-del-villaggio-maya-di-ek-balam-interni-e-esterni', '', '', 'Izquierda', '', '', 1, 0, 13, '2012-11-29 17:51:07'),
(9, 'Cuba', 'Alloggio a Cuba', '', '9_alloggio-a-cuba', '<p>Subtitulo</p>', '', 'Izquierda', '<p>texto</p>', '', 0, 0, 0, '2012-12-01 14:55:34'),
(10, 'Cuba', 'Alloggio  a Cuba', 'Alojamiento en Cuba', '10_alloggio--a-cuba', '<p>Caratteristiche dell''Alloggio a Cuba in Casas Particulares</p>', '<p>Caracter&iacute;sticas de Alojamiento en Cuba en Casas Particulares</p>', 'Izquierda', '<p>La forma d''alloggio che proponiamo a Cuba &eacute; quella delle&nbsp;"Casas Particulares",&nbsp;cio&eacute; Case private che hanno ottenuto dal Governo i permessi necessari per affittare stanze ai turisti. Le Case del nostro programma sono di famiglie cubane di nove citt&aacute;, persone che conosciamo e con cui lavoriamo da anni, fin dal 2004: sono gentili, oneste e affidabili, in grado di darvi una mano in caso di qualche problema o per consigli di vario tipo.</p>\r\n<p>&nbsp;</p>\r\n<p>Al contrario che negli Hotels, le mance non sono necessarie: saranno accettate ovviamente se l''iniziativa verr&aacute; da voi, altrimenti, nessun problema, non cambier&aacute; certo il comportamento amichevole nei vostri confronti.</p>\r\n<p>&nbsp;</p>\r\n<p>I prezzi sono molto pi&uacute; bassi che negli Hotels, che sono come minimo doppi. L''alloggio in Case private da'' la possibilit&aacute; unica di vivere una vacanza a stretto contatto della popolazione cubana, "con loro" si pu&oacute; dire, e di conoscere direttamente i modi di vita e la cultura non solo degli abitanti della Casa Particular, ma anche dei loro amici e vicini.</p>\r\n<p>&nbsp;</p>\r\n<p>Le Case del nostro programma hanno tutte i permessi necessari, non lavoriamo con quelle clandestine.</p>\r\n<p>&nbsp;</p>\r\n<h3>Buone vacanze a tutti, con il nostro programma !!!!</h3>', '<p>La forma de Alojamiento que ofrecemos en Cuba es el de "Casas Particulares", es decir, hogares privados que han recibido permiso del Gobierno para alquilar habitaciones a los turistas. Las Casas de nuestro programa son de familias cubanas de nueve ciudades, personas que conocemos y con los cuales trabajamos desde 2004: son gente buena, honesta y confiable, capaz de ayudarles en caso de cualquier problema o dar consejos de diversos tipos.&nbsp;A diferencia de los hoteles, las propinas no son necesarias: por supuesto, ser&aacute;n aceptadas si la iniciativa viene de ustedes, de lo contrario, no hay problema, por cierto nada va a cambiar en su conducta amistosa.</p>\r\n<p>&nbsp;</p>\r\n<p>Los precios son mucho m&aacute;s bajos que en los hoteles, que son al menos el doble. El alojamiento en Casas Particulares les da la oportunidad &uacute;nica de disfrutar de unas vacaciones en contacto directo con el pueblo cubano, con "ellos" se puede decir, &nbsp;de conocer las formas de vida y la cultura no s&oacute;lo de los habitantes de la Casa Particular, pero tambi&eacute;n de sus amigos y vecinos.</p>\r\n<p>&nbsp;</p>\r\n<p>Las Casas &nbsp;de nuestro programa cuentan con todos los permisos necesarios, no trabajamos con las clandestinas.</p>\r\n<p>&nbsp;</p>\r\n<h3><span style="color: #0000ff;">Felices fiestas a todos, con nuestro programa!</span></h3>\r\n<p>&nbsp;</p>', 1, 0, 1, '2012-12-03 09:28:00'),
(11, 'Cuba', ' Casas Particulares - Cuba', 'Casas Particulares - Cuba', '11_casas-particulares---cuba', '', '', 'Izquierda', '<h1>Casas Particulares &ndash; Cuba</h1>\r\n<h1>&nbsp;</h1>\r\n<p>Come funziona il nostro meccanismo di prenotazione di stanze con Cuba, nelle nove Citt&aacute;?</p>\r\n<p>&nbsp;</p>\r\n<p>In ciascuna di queste Citt&aacute; abbiamo un nostro rappresentante, che si incarica di ricevere da noi le prenotazioni e di comunicarle ai proprietari delle Case, che quindi vi staranno aspettando per le date di permanenza che sceglierete.</p>\r\n<p>&nbsp;</p>\r\n<p>La nostra collaboratrice de La Havana sar&aacute; la persona presso la quale il taxista vi condurr&aacute;, dopo avervi atteso all&rsquo;Aereoporto, all&rsquo;uscita dei passeggeri, con il cartello con il vostro nome.&nbsp;</p>\r\n<p>Sar&aacute; lei a ospitarvi nella sua Casa, o in un&rsquo;altra del nostro programma, sempre vicinissima e dotata delle stesse caratteristiche.</p>\r\n<p>Sar&aacute; sempre lei che vi fornir&aacute; le informazioni (nome, indirizzo e telefono) delle Case che vi ospiteranno nelle altre Citt&aacute;, come da vostre prenotazioni.</p>\r\n<p>&nbsp;</p>\r\n<p>Una rete collaudata di collaboratori, estesa alle nove Citt&aacute;, provveder&aacute; a versare il pagamento alle Case,&nbsp; immediatamente o al massimo in giornata, appena avremo ricevuto la prenotazione e il vostro, di pagamento.</p>\r\n<p>In questo modo siamo in grado di garantire le permanenze a Cuba nelle Case Particulares, fin dal 2004.</p>\r\n<p>&nbsp;</p>\r\n<p>Buone vacanze a Cuba, con il nostro programma !</p>\r\n<p>&nbsp;</p>\r\n<p>&nbsp;</p>', '<h1>Casas Particulares - Cuba</h1>\r\n<h1>&nbsp;</h1>\r\n<p>&iquest;C&oacute;mo funciona el mecanismo de reservaci&oacute;n de habitaciones en Cuba, en las nueve ciudades?</p>\r\n<p>&nbsp;</p>\r\n<p>En cada una de esas Ciudades tenemos nuestro representante, que recibe de nosotros &nbsp;las reservaciones y las notifica a los due&ntilde;os de las Casas, que por lo tanto les estar&aacute;n esperando en las fechas que usted habr&aacute; elegido.</p>\r\n<p>&nbsp;</p>\r\n<p>Nuestra colaboradora de La Habana ser&aacute; la persona con la que el conductor le llevar&aacute;, despu&eacute;s de haber esperado en el aeropuerto, a la salida de pasajeros, con un cartel con su nombre.</p>\r\n<p>Ella le dar&aacute; la bienvenida a su Casa, u otra de nuestro programa, siempre muy cercana y con las mismas caracter&iacute;sticas.</p>\r\n<p>Ella siempre les proporcionar&aacute; la informaci&oacute;n (nombre, direcci&oacute;n y n&uacute;mero de tel&eacute;fono) de las Casas de las otras ciudades, como por su reservaci&oacute;n.</p>\r\n<p>&nbsp;</p>\r\n<p>Una red de colaboradores probados, ampliada a las nueve ciudades, har&aacute; el pago de las habitciones, de inmediato o, a lo sumo en un d&iacute;a, tan pronto como recibamos su reservaci&oacute;n y &nbsp;pago.</p>\r\n<p>De esta manera podemos garantizar la permanencia en las Casas Particulares en Cuba, desde 2004.</p>\r\n<p>&nbsp;</p>\r\n<h3>Felices fiestas a Cuba, con nuestro programa!</h3>', 1, 0, 1, '2012-12-10 10:59:52'),
(19, 'Cuba', 'B&amp;B a Cuba !', 'B&amp;B en Cuba !', '19_bb-a-cuba-', '', '', 'Centro', '<h2 style="text-align: left;"><strong>B&amp;B a Cuba</strong></h2>\r\n<p>&nbsp;</p>\r\n<p>Siamo abituati a pensare alla soluzione B&amp;B come a qualcosa che ha a che fare con luoghi vicini, italiani, o al massimo europei.</p>\r\n<p>Noi vi offriamo qualcosa di completamente nuovo e diverso:</p>\r\n<p>&nbsp;&nbsp;</p>\r\n<h3 style="text-align: center;"><strong>B&amp;B niente di meno che a Cuba !</strong></h3>\r\n<p><strong>&nbsp;</strong></p>\r\n<p>La Cuba<strong>&nbsp;</strong>del rum e della "salsa", del "son" e del divertimento a oltranza, dei balli sulla sp&igrave;aggia e in posti incredibili, unici, come la Escalinata di Trinidad, o come il Sal&oacute;n Rosado dell''Havana, per intenderci, luoghi autentici di afro-cubanit&aacute;, che non si lascia travolgere da mete passeggere.</p>\r\n<p>&nbsp;</p>\r\n<p>Vi mettiamo a disposizione queste soluzioni: tre pacchetti gi&aacute; bell''e pronti, di 10, 15 e 20 giorni, e una soluzione personalizzata, con cui potrete costruire voi stessi una formidabile vacanza nell''Isola Maggiore delle Antille.</p>\r\n<p>&nbsp;</p>\r\n<p>Alloggio e prima colazione, e se volete anche la cena.&nbsp;Il tutto a prezzi imbattibili, e ospitati nelle migliori Case Particulares delle 9 Citt&aacute; del nostro programma.</p>\r\n<p>&nbsp;</p>\r\n<p>Volete saperne di pi&uacute;? Leggete i dettagli nel sito, e chiedeteci quel che volete su Cuba. Siamo esperti.</p>', '', 1, 0, 1, '2012-12-13 13:46:33'),
(20, 'Cuba', 'Turismo russo verso Cuba', 'Turismo ruso a Cuba', '20_turismo-russo-verso-cuba', '', '', 'Izquierda', '<p>&nbsp;</p>\r\n<p>Previsioni sul Turismo russo verso Cuba</p>\r\n<p>&nbsp;</p>\r\n<p>La caduta dell&rsquo;Unione Sovietica aveva bloccato per decenni le relazioni fra i due Stati al livello minimo. Pochi scambi commerciali, quasi nulla l&rsquo;attivit&aacute; diplomatica. Le posizioni polemiche fra i due Paesi, da una parte e dall&rsquo;altra, non avevano permesso lo sviluppo di relazioni normali: l&rsquo;Ambasciata russa all&rsquo;Havana, un tempo fervente di visite e di iniziative, sembrava quasi abbandonata.</p>\r\n<p>Da qualche anno si assiste per&oacute; a un <em>revival</em>: i due ex alleati si sono piano piano resi conto della sterilit&aacute; e dell&rsquo;inutilit&aacute; di posizioni cos&iacute; antagoniste, cos&iacute; marcate da reciproci risentimenti.</p>\r\n<p>Nel Turismo soprattutto il riavvicinamento &eacute; stato evidente: i turisti russi a Cuba, che nel 2010 erano stati poco pi&uacute; di 60 mila, sono diventati 78 mila nel 2011 e&nbsp; quasi 82 mila nel 2012.</p>\r\n<p>La tendenza &eacute; quindi al rialzo da parecchi anni, e si prevede che continuer&aacute; nel 2013, grazie alla strategia di promozione che i cubani hanno portato avanti, partecipando alle Fiere Turistiche di Mosca e San Pietroburgo.</p>\r\n<p>Una prova ulteriore dell&rsquo;aumentato interesse del pubblico russo verso Cuba &eacute; il recente accordo con Aeroflot, la compagnia di bandiera del gigante euro-asiatico, che le permette di incrementare i voli verso l&rsquo;Isola, raggiungendo diversi Aeroporti oltre a quello dell&rsquo;Havana, il Jos&eacute; Marti.</p>\r\n<p>&nbsp;</p>', '', 1, 0, 0, '2012-12-27 12:31:05');

-- --------------------------------------------------------

--
-- Estructura de tabla para la tabla `testimonials`
--

CREATE TABLE IF NOT EXISTS `testimonials` (
  `id` int(10) unsigned NOT NULL auto_increment,
  `nombre` varchar(255) NOT NULL,
  `src` varchar(255) default '',
  `descripcion_ita` text,
  `descripcion_esp` text,
  `activo` tinyint(1) default '1',
  `orden` int(10) unsigned default '0',
  `created` datetime default NULL,
  PRIMARY KEY  (`id`)
) ENGINE=MyISAM  DEFAULT CHARSET=utf8 AUTO_INCREMENT=7 ;

--
-- Volcado de datos para la tabla `testimonials`
--

INSERT INTO `testimonials` (`id`, `nombre`, `src`, `descripcion_ita`, `descripcion_esp`, `activo`, `orden`, `created`) VALUES
(1, 'Luca', 'upload/luca.jpg', '<p>&ldquo; Cuba &eacute; splendida e divertente, ho passato momenti bellissimi, la gente delle case private &eacute; stata gentile e premurosa, e anche quella del quartiere, certo ritorner&oacute;, grazie, Luca&rdquo;</p>', '<p>&ldquo; Cuba &eacute; splendida e divertente, ho passato momenti bellissimi, la gente delle case private &eacute; stata gentile e premurosa, e anche quella del quartiere, certo ritorner&oacute;, grazie, Luca&rdquo;</p>', 1, 1, '2012-10-25 17:17:33'),
(2, 'Gabriele', 'upload/gabriele.jpg', '<p>&ldquo; Mare e cultura maya, bellissimo, abbiamo fatto un gran bel giro, e con la benzina cos&iacute; a buon mercato poi ! grazie, indimenticabile&nbsp;</p>', '<p>&ldquo; Mare e cultura maya, bellissimo, abbiamo fatto un gran bel giro, e con la benzina cos&iacute; a buon mercato poi ! grazie, indimenticabile&nbsp;</p>', 1, 2, '2012-10-25 17:18:26'),
(3, 'Mariana', 'upload/mariana.jpg', '<p>&ldquo; Increible la experiencia &nbsp;en Yucat&aacute;n, todo salio muy bien, es un viaje que no olvidare&rdquo;</p>', '<p>&ldquo; Increible la experiencia &nbsp;en Yucat&aacute;n, todo salio muy bien, es un viaje que no olvidare&rdquo;</p>', 1, 3, '2012-10-25 17:19:02'),
(4, 'Francesco', 'upload/francesco.jpg', '<p>&ldquo; Notte a Trinidad , a base di &rdquo;mojitos&rdquo; &nbsp;e &ldquo;pi&ntilde;a colada&rdquo;, Trinidad &eacute; fantastica, allegra, divertente &ldquo;</p>', '<p>&ldquo; Notte a Trinidad , a base di &rdquo;mojitos&rdquo; &nbsp;e &ldquo;pi&ntilde;a colada&rdquo;, Trinidad &eacute; fantastica, allegra, divertente &ldquo;</p>', 1, 4, '2012-10-25 17:19:47'),
(5, 'Giulia e Adriana', 'upload/giuliaeadriana.jpg', '<p>&ldquo; Chichen Itza, non dimenticheremo mai i monumenti antichi dei Maya, che civilt&aacute; splendida&ldquo;</p>', '<p>&ldquo; Chichen Itza, non dimenticheremo mai i monumenti antichi dei Maya, che civilt&aacute; splendida&ldquo;</p>', 1, 5, '2012-10-25 17:23:57'),
(6, 'Marco', 'upload/marco.jpg', '<p>"Grazie, vacanze incredibili, mi sto gi&aacute; preparando per una seconda visita a Cuba, saluti !</p>', '<p>"Grazie, vacanze incredibili, mi sto gi&aacute; preparando per una seconda visita a Cuba, saluti !</p>', 1, 6, '2012-10-25 17:25:39');

-- --------------------------------------------------------

--
-- Estructura de tabla para la tabla `users`
--

CREATE TABLE IF NOT EXISTS `users` (
  `id` int(10) unsigned NOT NULL auto_increment,
  `username` varchar(255) NOT NULL,
  `password` varchar(255) NOT NULL,
  `nombre` varchar(255) default NULL,
  `apellidos` varchar(255) default NULL,
  `master` tinyint(1) default '0',
  `created` datetime default NULL,
  PRIMARY KEY  (`id`)
) ENGINE=MyISAM  DEFAULT CHARSET=utf8 AUTO_INCREMENT=4 ;

--
-- Volcado de datos para la tabla `users`
--

INSERT INTO `users` (`id`, `username`, `password`, `nombre`, `apellidos`, `master`, `created`) VALUES
(1, 'pulsem', '327d3429df2c4512edc07ed9e948aa75f5d14f50', 'Master', NULL, 1, '2010-01-01 00:00:00'),
(2, 'admin.cuba', 'a4ab5c20875e9186ff4e66cf52871706893bdb51', 'Master', '', 1, '2010-01-01 00:00:00');

/*!40101 SET CHARACTER_SET_CLIENT=@OLD_CHARACTER_SET_CLIENT */;
/*!40101 SET CHARACTER_SET_RESULTS=@OLD_CHARACTER_SET_RESULTS */;
/*!40101 SET COLLATION_CONNECTION=@OLD_COLLATION_CONNECTION */;
